"taxonID","individualID","plotID","siteID","domainID","date","plantStatus","growthForm","canopyPosition","measurementHeight","height","stemDiameter","scientificName","stemDistance","stemAzimuth","year","drc","FIA.Code","jenkins_model","Scientific.Name.with.Author","Common.Name","Family","habit","Genus","Species","Adj.Factor","model_name","betaZero","betaOne","chojnacky","Species.Group","Group","MedianSpecGrav","beta0","beta1","AGBJenkins","AGBChojnacky"
"ALWR","NEON.PLA.D14.SRER.00575","SRER_001","SRER","D14",2016-01-13,"Live","sapling","Open grown",NA,0.9,NA,"Aloysia wrightii (A. Gray) A. Heller",5.8,42.9,"2016",NA,NA,NA,NA,NA,NA,NA,NA,NA,NA,NA,NA,NA,NA,NA,NA,NA,NA,NA,NA,NA
"ALWR","NEON.PLA.D14.SRER.00575","SRER_001","SRER","D14",2016-01-13,"Live","sapling","Open grown",NA,0.9,NA,"Aloysia wrightii (A. Gray) A. Heller",5.8,42.9,"2016",NA,NA,NA,NA,NA,NA,NA,NA,NA,NA,NA,NA,NA,NA,NA,NA,NA,NA,NA,NA,NA
"ATCA2","NEON.PLA.D14.SRER.00587","SRER_001","SRER","D14",2016-01-13,"Live","sapling","Mostly shaded",NA,0.8,NA,"Atriplex canescens (Pursh) Nutt.",7.4,192.1,"2016",NA,NA,"","Atriplex canescens (Pursh) Nutt.","fourwing saltbush","Chenopodiaceae","shrub",NA,NA,NA,NA,NA,NA,NA,NA,NA,NA,NA,NA,NA,NA
"ATCA2","NEON.PLA.D14.SRER.00525","SRER_045","SRER","D14",2016-01-12,"Live","sapling","Mostly shaded",NA,1.1,NA,"Atriplex canescens (Pursh) Nutt.",12.2,243.5,"2016",NA,NA,"","Atriplex canescens (Pursh) Nutt.","fourwing saltbush","Chenopodiaceae","shrub",NA,NA,NA,NA,NA,NA,NA,NA,NA,NA,NA,NA,NA,NA
"ATCA2","NEON.PLA.D14.SRER.00525","SRER_045","SRER","D14",2016-01-12,"Live","sapling","Mostly shaded",NA,1.1,NA,"Atriplex canescens (Pursh) Nutt.",12.2,243.5,"2016",NA,NA,"","Atriplex canescens (Pursh) Nutt.","fourwing saltbush","Chenopodiaceae","shrub",NA,NA,NA,NA,NA,NA,NA,NA,NA,NA,NA,NA,NA,NA
"ATCA2","NEON.PLA.D14.SRER.00562","SRER_045","SRER","D14",2016-01-12,"Live","sapling","Partially shaded",NA,1.4,NA,"Atriplex canescens (Pursh) Nutt.",NA,NA,"2016",NA,NA,"","Atriplex canescens (Pursh) Nutt.","fourwing saltbush","Chenopodiaceae","shrub",NA,NA,NA,NA,NA,NA,NA,NA,NA,NA,NA,NA,NA,NA
"ATCA2","NEON.PLA.D14.SRER.00562","SRER_045","SRER","D14",2016-01-12,"Live","sapling","Partially shaded",NA,1.4,NA,"Atriplex canescens (Pursh) Nutt.",NA,NA,"2016",NA,NA,"","Atriplex canescens (Pursh) Nutt.","fourwing saltbush","Chenopodiaceae","shrub",NA,NA,NA,NA,NA,NA,NA,NA,NA,NA,NA,NA,NA,NA
"ATCA2","NEON.PLA.D14.SRER.00586","SRER_001","SRER","D14",2016-01-13,"Live","sapling","Mostly shaded",NA,1,NA,"Atriplex canescens (Pursh) Nutt.",8.3,198.1,"2016",NA,NA,"","Atriplex canescens (Pursh) Nutt.","fourwing saltbush","Chenopodiaceae","shrub",NA,NA,NA,NA,NA,NA,NA,NA,NA,NA,NA,NA,NA,NA
"ATCA2","NEON.PLA.D14.SRER.00586","SRER_001","SRER","D14",2016-01-13,"Live","sapling","Mostly shaded",NA,1,NA,"Atriplex canescens (Pursh) Nutt.",8.3,198.1,"2016",NA,NA,"","Atriplex canescens (Pursh) Nutt.","fourwing saltbush","Chenopodiaceae","shrub",NA,NA,NA,NA,NA,NA,NA,NA,NA,NA,NA,NA,NA,NA
"ATCA2","NEON.PLA.D14.SRER.00587","SRER_001","SRER","D14",2016-01-13,"Live","sapling","Mostly shaded",NA,0.8,NA,"Atriplex canescens (Pursh) Nutt.",7.4,192.1,"2016",NA,NA,"","Atriplex canescens (Pursh) Nutt.","fourwing saltbush","Chenopodiaceae","shrub",NA,NA,NA,NA,NA,NA,NA,NA,NA,NA,NA,NA,NA,NA
"EPTR","NEON.PLA.D14.SRER.00705","SRER_059","SRER","D14",2016-01-13,"Live","sapling","Mostly shaded",NA,0.5,NA,"Ephedra trifurca Torr. ex S. Watson",NA,NA,"2016",NA,NA,"","Ephedra trifurca Torr. ex S. Watson","longleaf jointfir","Ephedraceae","tree",NA,NA,0.84,NA,NA,NA,NA,NA,NA,NA,NA,NA,NA,NA
"EPTR","NEON.PLA.D14.SRER.00365","SRER_048","SRER","D14",2016-01-09,"Live","sapling","Full shade",NA,0.9,NA,"Ephedra trifurca Torr. ex S. Watson",12.1,99.3,"2016",NA,NA,"","Ephedra trifurca Torr. ex S. Watson","longleaf jointfir","Ephedraceae","tree",NA,NA,0.84,NA,NA,NA,NA,NA,NA,NA,NA,NA,NA,NA
"EPTR","NEON.PLA.D14.SRER.00534","SRER_045","SRER","D14",2016-01-12,"Standing dead","sapling","Full shade",NA,0.7,NA,"Ephedra trifurca Torr. ex S. Watson",5.5,189.8,"2016",NA,NA,"","Ephedra trifurca Torr. ex S. Watson","longleaf jointfir","Ephedraceae","tree",NA,NA,0.84,NA,NA,NA,NA,NA,NA,NA,NA,NA,NA,NA
"EPTR","NEON.PLA.D14.SRER.00365","SRER_048","SRER","D14",2016-01-09,"Live","sapling","Full shade",NA,0.9,NA,"Ephedra trifurca Torr. ex S. Watson",12.1,99.3,"2016",NA,NA,"","Ephedra trifurca Torr. ex S. Watson","longleaf jointfir","Ephedraceae","tree",NA,NA,0.84,NA,NA,NA,NA,NA,NA,NA,NA,NA,NA,NA
"EPTR","NEON.PLA.D14.SRER.00534","SRER_045","SRER","D14",2016-01-12,"Standing dead","sapling","Full shade",NA,0.7,NA,"Ephedra trifurca Torr. ex S. Watson",5.5,189.8,"2016",NA,NA,"","Ephedra trifurca Torr. ex S. Watson","longleaf jointfir","Ephedraceae","tree",NA,NA,0.84,NA,NA,NA,NA,NA,NA,NA,NA,NA,NA,NA
"EPTR","NEON.PLA.D14.SRER.00705","SRER_059","SRER","D14",2016-01-13,"Live","sapling","Mostly shaded",NA,0.5,NA,"Ephedra trifurca Torr. ex S. Watson",NA,NA,"2016",NA,NA,"","Ephedra trifurca Torr. ex S. Watson","longleaf jointfir","Ephedraceae","tree",NA,NA,0.84,NA,NA,NA,NA,NA,NA,NA,NA,NA,NA,NA
"PRVE","NEON.PLA.D14.SRER.00062","SRER_044","SRER","D14",2016-01-26,"Standing dead","sapling","Mostly shaded",NA,0.7,NA,"Prosopis velutina Woot.",NA,NA,"2016",NA,757,"woodland","Prosopis velutina Wooton","velvet mesquite","Fabaceae","tree","Prosopis","velutina",0.651,NA,-0.7152,1.7029,"Fabaceae/Juglandaceae/Other",NA,NA,NA,-2.5095,2.5437,NA,NA
"PRVE","NEON.PLA.D14.SRER.00062","SRER_044","SRER","D14",2016-01-26,"Standing dead","sapling","Mostly shaded",NA,0.7,NA,"Prosopis velutina Woot.",NA,NA,"2016",NA,757,"woodland","Prosopis velutina Wooton","velvet mesquite","Fabaceae","tree","Prosopis","velutina",0.651,NA,-0.7152,1.7029,"Fabaceae/Juglandaceae/Other",NA,NA,NA,-2.5095,2.5437,NA,NA
"PRVE","NEON.PLA.D14.SRER.00061","SRER_044","SRER","D14",2016-01-26,"Standing dead","sapling","Mostly shaded",NA,0.3,NA,"Prosopis velutina Woot.",NA,NA,"2016",NA,757,"woodland","Prosopis velutina Wooton","velvet mesquite","Fabaceae","tree","Prosopis","velutina",0.651,NA,-0.7152,1.7029,"Fabaceae/Juglandaceae/Other",NA,NA,NA,-2.5095,2.5437,NA,NA
"PRVE","NEON.PLA.D14.SRER.00061","SRER_044","SRER","D14",2016-01-26,"Standing dead","sapling","Mostly shaded",NA,0.3,NA,"Prosopis velutina Woot.",NA,NA,"2016",NA,757,"woodland","Prosopis velutina Wooton","velvet mesquite","Fabaceae","tree","Prosopis","velutina",0.651,NA,-0.7152,1.7029,"Fabaceae/Juglandaceae/Other",NA,NA,NA,-2.5095,2.5437,NA,NA
"PRVE","NEON.PLA.D14.SRER.00064","SRER_044","SRER","D14",2016-01-26,"Standing dead","sapling","Mostly shaded",NA,0.1,NA,"Prosopis velutina Woot.",NA,NA,"2016",NA,757,"woodland","Prosopis velutina Wooton","velvet mesquite","Fabaceae","tree","Prosopis","velutina",0.651,NA,-0.7152,1.7029,"Fabaceae/Juglandaceae/Other",NA,NA,NA,-2.5095,2.5437,NA,NA
"PRVE","NEON.PLA.D14.SRER.00064","SRER_044","SRER","D14",2016-01-26,"Standing dead","sapling","Mostly shaded",NA,0.1,NA,"Prosopis velutina Woot.",NA,NA,"2016",NA,757,"woodland","Prosopis velutina Wooton","velvet mesquite","Fabaceae","tree","Prosopis","velutina",0.651,NA,-0.7152,1.7029,"Fabaceae/Juglandaceae/Other",NA,NA,NA,-2.5095,2.5437,NA,NA
"PRVE","NEON.PLA.D14.SRER.00063","SRER_044","SRER","D14",2016-01-26,"Standing dead","sapling","Mostly shaded",NA,0.1,NA,"Prosopis velutina Woot.",NA,NA,"2016",NA,757,"woodland","Prosopis velutina Wooton","velvet mesquite","Fabaceae","tree","Prosopis","velutina",0.651,NA,-0.7152,1.7029,"Fabaceae/Juglandaceae/Other",NA,NA,NA,-2.5095,2.5437,NA,NA
"PRVE","NEON.PLA.D14.SRER.00063","SRER_044","SRER","D14",2016-01-26,"Standing dead","sapling","Mostly shaded",NA,0.1,NA,"Prosopis velutina Woot.",NA,NA,"2016",NA,757,"woodland","Prosopis velutina Wooton","velvet mesquite","Fabaceae","tree","Prosopis","velutina",0.651,NA,-0.7152,1.7029,"Fabaceae/Juglandaceae/Other",NA,NA,NA,-2.5095,2.5437,NA,NA
"PRVE","NEON.PLA.D14.SRER.00072","SRER_044","SRER","D14",2016-01-26,"Live","sapling","Partially shaded",NA,1,NA,"Prosopis velutina Woot.",NA,NA,"2016",NA,757,"woodland","Prosopis velutina Wooton","velvet mesquite","Fabaceae","tree","Prosopis","velutina",0.651,NA,-0.7152,1.7029,"Fabaceae/Juglandaceae/Other",NA,NA,NA,-2.5095,2.5437,NA,NA
"PRVE","NEON.PLA.D14.SRER.00072","SRER_044","SRER","D14",2016-01-26,"Live","sapling","Partially shaded",NA,1,NA,"Prosopis velutina Woot.",NA,NA,"2016",NA,757,"woodland","Prosopis velutina Wooton","velvet mesquite","Fabaceae","tree","Prosopis","velutina",0.651,NA,-0.7152,1.7029,"Fabaceae/Juglandaceae/Other",NA,NA,NA,-2.5095,2.5437,NA,NA
"PRVE","NEON.PLA.D14.SRER.00074","SRER_044","SRER","D14",2016-10-18,"Live","small tree",NA,130,2.1,1.1,"Prosopis velutina Woot.",8.6,35.1,"2016",NA,757,"woodland","Prosopis velutina Wooton","velvet mesquite","Fabaceae","tree","Prosopis","velutina",0.651,NA,-0.7152,1.7029,"Fabaceae/Juglandaceae/Other",NA,NA,NA,-2.5095,2.5437,0.575281211182373,0.10361641708583
"PRVE","NEON.PLA.D14.SRER.00074","SRER_044","SRER","D14",2016-10-18,"Live","small tree",NA,130,2.1,1.8,"Prosopis velutina Woot.",8.6,35.1,"2016",NA,757,"woodland","Prosopis velutina Wooton","velvet mesquite","Fabaceae","tree","Prosopis","velutina",0.651,NA,-0.7152,1.7029,"Fabaceae/Juglandaceae/Other",NA,NA,NA,-2.5095,2.5437,1.3307489601405,0.36263913396633
"PRVE","NEON.PLA.D14.SRER.00074","SRER_044","SRER","D14",2016-10-18,"Live","small tree",NA,130,2.1,1.1,"Prosopis velutina Woot.",8.6,35.1,"2016",NA,757,"woodland","Prosopis velutina Wooton","velvet mesquite","Fabaceae","tree","Prosopis","velutina",0.651,NA,-0.7152,1.7029,"Fabaceae/Juglandaceae/Other",NA,NA,NA,-2.5095,2.5437,0.575281211182373,0.10361641708583
"PRVE","NEON.PLA.D14.SRER.00074","SRER_044","SRER","D14",2016-10-18,"Live","small tree",NA,130,2.1,2.1,"Prosopis velutina Woot.",8.6,35.1,"2016",NA,757,"woodland","Prosopis velutina Wooton","velvet mesquite","Fabaceae","tree","Prosopis","velutina",0.651,NA,-0.7152,1.7029,"Fabaceae/Juglandaceae/Other",NA,NA,NA,-2.5095,2.5437,1.73021400702146,0.536744023864869
"PRVE","NEON.PLA.D14.SRER.00075","SRER_044","SRER","D14",2016-01-26,"Live","sapling","Full shade",NA,0.9,NA,"Prosopis velutina Woot.",NA,NA,"2016",NA,757,"woodland","Prosopis velutina Wooton","velvet mesquite","Fabaceae","tree","Prosopis","velutina",0.651,NA,-0.7152,1.7029,"Fabaceae/Juglandaceae/Other",NA,NA,NA,-2.5095,2.5437,NA,NA
"PRVE","NEON.PLA.D14.SRER.00075","SRER_044","SRER","D14",2016-01-26,"Live","sapling","Full shade",NA,0.9,NA,"Prosopis velutina Woot.",NA,NA,"2016",NA,757,"woodland","Prosopis velutina Wooton","velvet mesquite","Fabaceae","tree","Prosopis","velutina",0.651,NA,-0.7152,1.7029,"Fabaceae/Juglandaceae/Other",NA,NA,NA,-2.5095,2.5437,NA,NA
"PRVE","NEON.PLA.D14.SRER.00076","SRER_044","SRER","D14",2016-10-18,"Live","small tree",NA,130,2.2,1.2,"Prosopis velutina Woot.",7.3,52.5,"2016",NA,757,"woodland","Prosopis velutina Wooton","velvet mesquite","Fabaceae","tree","Prosopis","velutina",0.651,NA,-0.7152,1.7029,"Fabaceae/Juglandaceae/Other",NA,NA,NA,-2.5095,2.5437,0.6671605076006,0.129285950666023
"PRVE","NEON.PLA.D14.SRER.00076","SRER_044","SRER","D14",2016-10-18,"Live","small tree",NA,130,2.2,1.9,"Prosopis velutina Woot.",7.3,52.5,"2016",NA,757,"woodland","Prosopis velutina Wooton","velvet mesquite","Fabaceae","tree","Prosopis","velutina",0.651,NA,-0.7152,1.7029,"Fabaceae/Juglandaceae/Other",NA,NA,NA,-2.5095,2.5437,1.45909004236974,0.416105572968629
"PRVE","NEON.PLA.D14.SRER.00076","SRER_044","SRER","D14",2016-10-18,"Live","small tree",NA,130,2.2,1.7,"Prosopis velutina Woot.",7.3,52.5,"2016",NA,757,"woodland","Prosopis velutina Wooton","velvet mesquite","Fabaceae","tree","Prosopis","velutina",0.651,NA,-0.7152,1.7029,"Fabaceae/Juglandaceae/Other",NA,NA,NA,-2.5095,2.5437,1.20732461393184,0.313567410102502
"PRVE","NEON.PLA.D14.SRER.00076","SRER_044","SRER","D14",2016-10-18,"Standing dead","small tree",NA,130,2.2,1,"Prosopis velutina Woot.",7.3,52.5,"2016",NA,757,"woodland","Prosopis velutina Wooton","velvet mesquite","Fabaceae","tree","Prosopis","velutina",0.651,NA,-0.7152,1.7029,"Fabaceae/Juglandaceae/Other",NA,NA,NA,-2.5095,2.5437,0.489094283157162,0.0813088835207353
"PRVE","NEON.PLA.D14.SRER.00076","SRER_044","SRER","D14",2016-10-18,"Live","small tree",NA,130,2.2,1.4,"Prosopis velutina Woot.",7.3,52.5,"2016",NA,757,"woodland","Prosopis velutina Wooton","velvet mesquite","Fabaceae","tree","Prosopis","velutina",0.651,NA,-0.7152,1.7029,"Fabaceae/Juglandaceae/Other",NA,NA,NA,-2.5095,2.5437,0.867429161891086,0.191356792166063
"PRVE","NEON.PLA.D14.SRER.00076","SRER_044","SRER","D14",2016-10-18,"Live","small tree",NA,130,2.2,1.1,"Prosopis velutina Woot.",7.3,52.5,"2016",NA,757,"woodland","Prosopis velutina Wooton","velvet mesquite","Fabaceae","tree","Prosopis","velutina",0.651,NA,-0.7152,1.7029,"Fabaceae/Juglandaceae/Other",NA,NA,NA,-2.5095,2.5437,0.575281211182373,0.10361641708583
"PRVE","NEON.PLA.D14.SRER.00076","SRER_044","SRER","D14",2016-10-18,"Live","small tree",NA,130,2.2,1.4,"Prosopis velutina Woot.",7.3,52.5,"2016",NA,757,"woodland","Prosopis velutina Wooton","velvet mesquite","Fabaceae","tree","Prosopis","velutina",0.651,NA,-0.7152,1.7029,"Fabaceae/Juglandaceae/Other",NA,NA,NA,-2.5095,2.5437,0.867429161891086,0.191356792166063
"PRVE","NEON.PLA.D14.SRER.00079","SRER_044","SRER","D14",2016-10-18,"Live","small tree",NA,130,2.6,2.2,"Prosopis velutina Woot.",10.7,10.8,"2016",NA,757,"woodland","Prosopis velutina Wooton","velvet mesquite","Fabaceae","tree","Prosopis","velutina",0.651,NA,-0.7152,1.7029,"Fabaceae/Juglandaceae/Other",NA,NA,NA,-2.5095,2.5437,1.87285506444388,0.604169185128589
"PRVE","NEON.PLA.D14.SRER.00079","SRER_044","SRER","D14",2016-10-18,"Live","small tree",NA,130,2.6,2.3,"Prosopis velutina Woot.",10.7,10.8,"2016",NA,757,"woodland","Prosopis velutina Wooton","velvet mesquite","Fabaceae","tree","Prosopis","velutina",0.651,NA,-0.7152,1.7029,"Fabaceae/Juglandaceae/Other",NA,NA,NA,-2.5095,2.5437,2.02012814081101,0.676495783646601
"PRVE","NEON.PLA.D14.SRER.00079","SRER_044","SRER","D14",2016-10-18,"Live","small tree",NA,130,2.6,1.6,"Prosopis velutina Woot.",10.7,10.8,"2016",NA,757,"woodland","Prosopis velutina Wooton","velvet mesquite","Fabaceae","tree","Prosopis","velutina",0.651,NA,-0.7152,1.7029,"Fabaceae/Juglandaceae/Other",NA,NA,NA,-2.5095,2.5437,1.08890127169731,0.26875589408878
"PRVE","NEON.PLA.D14.SRER.00079","SRER_044","SRER","D14",2016-10-18,"Live","small tree",NA,130,2.6,2.5,"Prosopis velutina Woot.",10.7,10.8,"2016",NA,757,"woodland","Prosopis velutina Wooton","velvet mesquite","Fabaceae","tree","Prosopis","velutina",0.651,NA,-0.7152,1.7029,"Fabaceae/Juglandaceae/Other",NA,NA,NA,-2.5095,2.5437,2.32833050037665,0.836330620232351
"PRVE","NEON.PLA.D14.SRER.00079","SRER_044","SRER","D14",2016-10-18,"Live","small tree",NA,130,2.6,2,"Prosopis velutina Woot.",10.7,10.8,"2016",NA,757,"woodland","Prosopis velutina Wooton","velvet mesquite","Fabaceae","tree","Prosopis","velutina",0.651,NA,-0.7152,1.7029,"Fabaceae/Juglandaceae/Other",NA,NA,NA,-2.5095,2.5437,1.59226946299669,0.474097862887367
"PRVE","NEON.PLA.D14.SRER.00079","SRER_044","SRER","D14",2016-10-18,"Live","small tree",NA,130,2.6,2.5,"Prosopis velutina Woot.",10.7,10.8,"2016",NA,757,"woodland","Prosopis velutina Wooton","velvet mesquite","Fabaceae","tree","Prosopis","velutina",0.651,NA,-0.7152,1.7029,"Fabaceae/Juglandaceae/Other",NA,NA,NA,-2.5095,2.5437,2.32833050037665,0.836330620232351
"PRVE","NEON.PLA.D14.SRER.00079","SRER_044","SRER","D14",2016-10-18,"Live","small tree",NA,130,2.6,2.2,"Prosopis velutina Woot.",10.7,10.8,"2016",NA,757,"woodland","Prosopis velutina Wooton","velvet mesquite","Fabaceae","tree","Prosopis","velutina",0.651,NA,-0.7152,1.7029,"Fabaceae/Juglandaceae/Other",NA,NA,NA,-2.5095,2.5437,1.87285506444388,0.604169185128589
"PRVE","NEON.PLA.D14.SRER.00079","SRER_044","SRER","D14",2016-10-18,"Live","small tree",NA,130,2.6,2.7,"Prosopis velutina Woot.",10.7,10.8,"2016",NA,757,"woodland","Prosopis velutina Wooton","velvet mesquite","Fabaceae","tree","Prosopis","velutina",0.651,NA,-0.7152,1.7029,"Fabaceae/Juglandaceae/Other",NA,NA,NA,-2.5095,2.5437,2.65437293535842,1.01718045005188
"PRVE","NEON.PLA.D14.SRER.00079","SRER_044","SRER","D14",2016-10-18,"Standing dead","small tree",NA,130,2.6,2,"Prosopis velutina Woot.",10.7,10.8,"2016",NA,757,"woodland","Prosopis velutina Wooton","velvet mesquite","Fabaceae","tree","Prosopis","velutina",0.651,NA,-0.7152,1.7029,"Fabaceae/Juglandaceae/Other",NA,NA,NA,-2.5095,2.5437,1.59226946299669,0.474097862887367
"PRVE","NEON.PLA.D14.SRER.00079","SRER_044","SRER","D14",2016-10-18,"Live","small tree",NA,130,2.6,2.2,"Prosopis velutina Woot.",10.7,10.8,"2016",NA,757,"woodland","Prosopis velutina Wooton","velvet mesquite","Fabaceae","tree","Prosopis","velutina",0.651,NA,-0.7152,1.7029,"Fabaceae/Juglandaceae/Other",NA,NA,NA,-2.5095,2.5437,1.87285506444388,0.604169185128589
"PRVE","NEON.PLA.D14.SRER.00079","SRER_044","SRER","D14",2016-10-18,"Live","small tree",NA,130,2.6,1.5,"Prosopis velutina Woot.",10.7,10.8,"2016",NA,757,"woodland","Prosopis velutina Wooton","velvet mesquite","Fabaceae","tree","Prosopis","velutina",0.651,NA,-0.7152,1.7029,"Fabaceae/Juglandaceae/Other",NA,NA,NA,-2.5095,2.5437,0.975569898558352,0.228066413649985
"PRVE","NEON.PLA.D14.SRER.00079","SRER_044","SRER","D14",2016-10-18,"Standing dead","small tree",NA,130,2.6,2.4,"Prosopis velutina Woot.",10.7,10.8,"2016",NA,757,"woodland","Prosopis velutina Wooton","velvet mesquite","Fabaceae","tree","Prosopis","velutina",0.651,NA,-0.7152,1.7029,"Fabaceae/Juglandaceae/Other",NA,NA,NA,-2.5095,2.5437,2.17197243916354,0.753843740782541
"PRVE","NEON.PLA.D14.SRER.00079","SRER_044","SRER","D14",2016-10-18,"Standing dead","small tree",NA,130,2.6,1.9,"Prosopis velutina Woot.",10.7,10.8,"2016",NA,757,"woodland","Prosopis velutina Wooton","velvet mesquite","Fabaceae","tree","Prosopis","velutina",0.651,NA,-0.7152,1.7029,"Fabaceae/Juglandaceae/Other",NA,NA,NA,-2.5095,2.5437,1.45909004236974,0.416105572968629
"PRVE","NEON.PLA.D14.SRER.00079","SRER_044","SRER","D14",2016-10-18,"Live","small tree",NA,130,2.6,2.2,"Prosopis velutina Woot.",10.7,10.8,"2016",NA,757,"woodland","Prosopis velutina Wooton","velvet mesquite","Fabaceae","tree","Prosopis","velutina",0.651,NA,-0.7152,1.7029,"Fabaceae/Juglandaceae/Other",NA,NA,NA,-2.5095,2.5437,1.87285506444388,0.604169185128589
"PRVE","NEON.PLA.D14.SRER.00079","SRER_044","SRER","D14",2016-10-18,"Live","small tree",NA,130,2.6,1.5,"Prosopis velutina Woot.",10.7,10.8,"2016",NA,757,"woodland","Prosopis velutina Wooton","velvet mesquite","Fabaceae","tree","Prosopis","velutina",0.651,NA,-0.7152,1.7029,"Fabaceae/Juglandaceae/Other",NA,NA,NA,-2.5095,2.5437,0.975569898558352,0.228066413649985
"PRVE","NEON.PLA.D14.SRER.00079","SRER_044","SRER","D14",2016-10-18,"Live","small tree",NA,130,2.6,2.5,"Prosopis velutina Woot.",10.7,10.8,"2016",NA,757,"woodland","Prosopis velutina Wooton","velvet mesquite","Fabaceae","tree","Prosopis","velutina",0.651,NA,-0.7152,1.7029,"Fabaceae/Juglandaceae/Other",NA,NA,NA,-2.5095,2.5437,2.32833050037665,0.836330620232351
"PRVE","NEON.PLA.D14.SRER.00079","SRER_044","SRER","D14",2016-10-18,"Live","small tree",NA,130,2.6,2.3,"Prosopis velutina Woot.",10.7,10.8,"2016",NA,757,"woodland","Prosopis velutina Wooton","velvet mesquite","Fabaceae","tree","Prosopis","velutina",0.651,NA,-0.7152,1.7029,"Fabaceae/Juglandaceae/Other",NA,NA,NA,-2.5095,2.5437,2.02012814081101,0.676495783646601
"PRVE","NEON.PLA.D14.SRER.00079","SRER_044","SRER","D14",2016-10-18,"Live","small tree",NA,130,2.6,1.4,"Prosopis velutina Woot.",10.7,10.8,"2016",NA,757,"woodland","Prosopis velutina Wooton","velvet mesquite","Fabaceae","tree","Prosopis","velutina",0.651,NA,-0.7152,1.7029,"Fabaceae/Juglandaceae/Other",NA,NA,NA,-2.5095,2.5437,0.867429161891086,0.191356792166063
"PRVE","NEON.PLA.D14.SRER.00079","SRER_044","SRER","D14",2016-10-18,"Live","small tree",NA,130,2.6,2.5,"Prosopis velutina Woot.",10.7,10.8,"2016",NA,757,"woodland","Prosopis velutina Wooton","velvet mesquite","Fabaceae","tree","Prosopis","velutina",0.651,NA,-0.7152,1.7029,"Fabaceae/Juglandaceae/Other",NA,NA,NA,-2.5095,2.5437,2.32833050037665,0.836330620232351
"PRVE","NEON.PLA.D14.SRER.00079","SRER_044","SRER","D14",2016-10-18,"Live","small tree",NA,130,2.6,2,"Prosopis velutina Woot.",10.7,10.8,"2016",NA,757,"woodland","Prosopis velutina Wooton","velvet mesquite","Fabaceae","tree","Prosopis","velutina",0.651,NA,-0.7152,1.7029,"Fabaceae/Juglandaceae/Other",NA,NA,NA,-2.5095,2.5437,1.59226946299669,0.474097862887367
"PRVE","NEON.PLA.D14.SRER.00079","SRER_044","SRER","D14",2016-10-18,"Live","small tree",NA,130,2.6,1.5,"Prosopis velutina Woot.",10.7,10.8,"2016",NA,757,"woodland","Prosopis velutina Wooton","velvet mesquite","Fabaceae","tree","Prosopis","velutina",0.651,NA,-0.7152,1.7029,"Fabaceae/Juglandaceae/Other",NA,NA,NA,-2.5095,2.5437,0.975569898558352,0.228066413649985
"PRVE","NEON.PLA.D14.SRER.00079","SRER_044","SRER","D14",2016-10-18,"Standing dead","small tree",NA,130,2.6,1.6,"Prosopis velutina Woot.",10.7,10.8,"2016",NA,757,"woodland","Prosopis velutina Wooton","velvet mesquite","Fabaceae","tree","Prosopis","velutina",0.651,NA,-0.7152,1.7029,"Fabaceae/Juglandaceae/Other",NA,NA,NA,-2.5095,2.5437,1.08890127169731,0.26875589408878
"PRVE","NEON.PLA.D14.SRER.00079","SRER_044","SRER","D14",2016-10-18,"Standing dead","small tree",NA,130,2.6,2.7,"Prosopis velutina Woot.",10.7,10.8,"2016",NA,757,"woodland","Prosopis velutina Wooton","velvet mesquite","Fabaceae","tree","Prosopis","velutina",0.651,NA,-0.7152,1.7029,"Fabaceae/Juglandaceae/Other",NA,NA,NA,-2.5095,2.5437,2.65437293535842,1.01718045005188
"PRVE","NEON.PLA.D14.SRER.00071","SRER_044","SRER","D14",2016-01-26,"Live","sapling","Partially shaded",NA,1.4,NA,"Prosopis velutina Woot.",NA,NA,"2016",NA,757,"woodland","Prosopis velutina Wooton","velvet mesquite","Fabaceae","tree","Prosopis","velutina",0.651,NA,-0.7152,1.7029,"Fabaceae/Juglandaceae/Other",NA,NA,NA,-2.5095,2.5437,NA,NA
"PRVE","NEON.PLA.D14.SRER.00071","SRER_044","SRER","D14",2016-01-26,"Live","sapling","Partially shaded",NA,1.4,NA,"Prosopis velutina Woot.",NA,NA,"2016",NA,757,"woodland","Prosopis velutina Wooton","velvet mesquite","Fabaceae","tree","Prosopis","velutina",0.651,NA,-0.7152,1.7029,"Fabaceae/Juglandaceae/Other",NA,NA,NA,-2.5095,2.5437,NA,NA
"PRVE","NEON.PLA.D14.SRER.00200","SRER_042","SRER","D14",2016-01-11,"Live","multi-bole tree","Open grown",140,5.5,10.6,"Prosopis velutina Woot.",8.9,121.1,"2016",NA,757,"woodland","Prosopis velutina Wooton","velvet mesquite","Fabaceae","tree","Prosopis","velutina",0.651,NA,-0.7152,1.7029,"Fabaceae/Juglandaceae/Other",NA,NA,NA,-2.5095,2.5437,27.2512196662979,32.9768012769326
"PRVE","NEON.PLA.D14.SRER.00200","SRER_042","SRER","D14",2016-01-11,"Live","multi-bole tree","Open grown",140,5.5,10.6,"Prosopis velutina Woot.",8.9,121.1,"2016",NA,757,"woodland","Prosopis velutina Wooton","velvet mesquite","Fabaceae","tree","Prosopis","velutina",0.651,NA,-0.7152,1.7029,"Fabaceae/Juglandaceae/Other",NA,NA,NA,-2.5095,2.5437,27.2512196662979,32.9768012769326
"PRVE","NEON.PLA.D14.SRER.00200","SRER_042","SRER","D14",2016-11-21,"Live","multi-bole tree",NA,130,3.5,6.4,"Prosopis velutina Woot.",8.9,121.1,"2016",NA,757,"woodland","Prosopis velutina Wooton","velvet mesquite","Fabaceae","tree","Prosopis","velutina",0.651,NA,-0.7152,1.7029,"Fabaceae/Juglandaceae/Other",NA,NA,NA,-2.5095,2.5437,11.5408145994254,9.13730238558109
"PRVE","NEON.PLA.D14.SRER.00201","SRER_057","SRER","D14",2016-01-09,"Live","small tree","Partially shaded",130,NA,1.6,"Prosopis velutina Woot.",5.3,186.4,"2016",NA,757,"woodland","Prosopis velutina Wooton","velvet mesquite","Fabaceae","tree","Prosopis","velutina",0.651,NA,-0.7152,1.7029,"Fabaceae/Juglandaceae/Other",NA,NA,NA,-2.5095,2.5437,1.08890127169731,0.26875589408878
"PRVE","NEON.PLA.D14.SRER.00201","SRER_057","SRER","D14",2016-01-09,"Live","small tree","Partially shaded",130,NA,1.6,"Prosopis velutina Woot.",5.3,186.4,"2016",NA,757,"woodland","Prosopis velutina Wooton","velvet mesquite","Fabaceae","tree","Prosopis","velutina",0.651,NA,-0.7152,1.7029,"Fabaceae/Juglandaceae/Other",NA,NA,NA,-2.5095,2.5437,1.08890127169731,0.26875589408878
"PRVE","NEON.PLA.D14.SRER.00273","SRER_057","SRER","D14",2016-01-09,"Standing dead","sapling","Full shade",NA,0.6,NA,"Prosopis velutina Woot.",5.1,10,"2016",NA,757,"woodland","Prosopis velutina Wooton","velvet mesquite","Fabaceae","tree","Prosopis","velutina",0.651,NA,-0.7152,1.7029,"Fabaceae/Juglandaceae/Other",NA,NA,NA,-2.5095,2.5437,NA,NA
"PRVE","NEON.PLA.D14.SRER.00273","SRER_057","SRER","D14",2016-01-09,"Standing dead","sapling","Full shade",NA,0.6,NA,"Prosopis velutina Woot.",5.1,10,"2016",NA,757,"woodland","Prosopis velutina Wooton","velvet mesquite","Fabaceae","tree","Prosopis","velutina",0.651,NA,-0.7152,1.7029,"Fabaceae/Juglandaceae/Other",NA,NA,NA,-2.5095,2.5437,NA,NA
"PRVE","NEON.PLA.D14.SRER.00299","SRER_050","SRER","D14",2016-11-14,"Live","small tree",NA,130,2.8,2.8,"Prosopis velutina Woot.",6.3,8.1,"2016",NA,757,"woodland","Prosopis velutina Wooton","velvet mesquite","Fabaceae","tree","Prosopis","velutina",0.651,NA,-0.7152,1.7029,"Fabaceae/Juglandaceae/Other",NA,NA,NA,-2.5095,2.5437,2.8239564708798,1.11576794916605
"PRVE","NEON.PLA.D14.SRER.00301","SRER_048","SRER","D14",2016-01-08,"Standing dead","sapling","Open grown",NA,0.5,NA,"Prosopis velutina Woot.",NA,NA,"2016",NA,757,"woodland","Prosopis velutina Wooton","velvet mesquite","Fabaceae","tree","Prosopis","velutina",0.651,NA,-0.7152,1.7029,"Fabaceae/Juglandaceae/Other",NA,NA,NA,-2.5095,2.5437,NA,NA
"PRVE","NEON.PLA.D14.SRER.00301","SRER_048","SRER","D14",2016-01-08,"Standing dead","sapling","Open grown",NA,0.5,NA,"Prosopis velutina Woot.",NA,NA,"2016",NA,757,"woodland","Prosopis velutina Wooton","velvet mesquite","Fabaceae","tree","Prosopis","velutina",0.651,NA,-0.7152,1.7029,"Fabaceae/Juglandaceae/Other",NA,NA,NA,-2.5095,2.5437,NA,NA
"PRVE","NEON.PLA.D14.SRER.00304","SRER_048","SRER","D14",2016-01-08,"Standing dead","sapling","Full shade",NA,0.6,NA,"Prosopis velutina Woot.",9.2,188.1,"2016",NA,757,"woodland","Prosopis velutina Wooton","velvet mesquite","Fabaceae","tree","Prosopis","velutina",0.651,NA,-0.7152,1.7029,"Fabaceae/Juglandaceae/Other",NA,NA,NA,-2.5095,2.5437,NA,NA
"PRVE","NEON.PLA.D14.SRER.00304","SRER_048","SRER","D14",2016-01-08,"Standing dead","sapling","Full shade",NA,0.6,NA,"Prosopis velutina Woot.",9.2,188.1,"2016",NA,757,"woodland","Prosopis velutina Wooton","velvet mesquite","Fabaceae","tree","Prosopis","velutina",0.651,NA,-0.7152,1.7029,"Fabaceae/Juglandaceae/Other",NA,NA,NA,-2.5095,2.5437,NA,NA
"PRVE","NEON.PLA.D14.SRER.00305","SRER_048","SRER","D14",2016-01-08,"Standing dead","sapling","Mostly shaded",NA,0.7,NA,"Prosopis velutina Woot.",9.4,184,"2016",NA,757,"woodland","Prosopis velutina Wooton","velvet mesquite","Fabaceae","tree","Prosopis","velutina",0.651,NA,-0.7152,1.7029,"Fabaceae/Juglandaceae/Other",NA,NA,NA,-2.5095,2.5437,NA,NA
"PRVE","NEON.PLA.D14.SRER.00305","SRER_048","SRER","D14",2016-01-08,"Standing dead","sapling","Mostly shaded",NA,0.7,NA,"Prosopis velutina Woot.",9.4,184,"2016",NA,757,"woodland","Prosopis velutina Wooton","velvet mesquite","Fabaceae","tree","Prosopis","velutina",0.651,NA,-0.7152,1.7029,"Fabaceae/Juglandaceae/Other",NA,NA,NA,-2.5095,2.5437,NA,NA
"PRVE","NEON.PLA.D14.SRER.00361","SRER_048","SRER","D14",2016-01-09,"Live","small tree","Full sun",130,1.7,1.4,"Prosopis velutina Woot.",4.8,42,"2016",NA,757,"woodland","Prosopis velutina Wooton","velvet mesquite","Fabaceae","tree","Prosopis","velutina",0.651,NA,-0.7152,1.7029,"Fabaceae/Juglandaceae/Other",NA,NA,NA,-2.5095,2.5437,0.867429161891086,0.191356792166063
"PRVE","NEON.PLA.D14.SRER.00361","SRER_048","SRER","D14",2016-01-09,"Live","small tree","Full sun",130,1.7,1.4,"Prosopis velutina Woot.",4.8,42,"2016",NA,757,"woodland","Prosopis velutina Wooton","velvet mesquite","Fabaceae","tree","Prosopis","velutina",0.651,NA,-0.7152,1.7029,"Fabaceae/Juglandaceae/Other",NA,NA,NA,-2.5095,2.5437,0.867429161891086,0.191356792166063
"PRVE","NEON.PLA.D14.SRER.00363","SRER_048","SRER","D14",2016-01-09,"Live","sapling","Mostly shaded",NA,0.8,NA,"Prosopis velutina Woot.",14.6,121.9,"2016",NA,757,"woodland","Prosopis velutina Wooton","velvet mesquite","Fabaceae","tree","Prosopis","velutina",0.651,NA,-0.7152,1.7029,"Fabaceae/Juglandaceae/Other",NA,NA,NA,-2.5095,2.5437,NA,NA
"PRVE","NEON.PLA.D14.SRER.00363","SRER_048","SRER","D14",2016-01-09,"Live","sapling","Mostly shaded",NA,0.8,NA,"Prosopis velutina Woot.",14.6,121.9,"2016",NA,757,"woodland","Prosopis velutina Wooton","velvet mesquite","Fabaceae","tree","Prosopis","velutina",0.651,NA,-0.7152,1.7029,"Fabaceae/Juglandaceae/Other",NA,NA,NA,-2.5095,2.5437,NA,NA
"PRVE","NEON.PLA.D14.SRER.00364","SRER_048","SRER","D14",2016-01-09,"Standing dead","sapling","Mostly shaded",NA,0.3,NA,"Prosopis velutina Woot.",NA,NA,"2016",NA,757,"woodland","Prosopis velutina Wooton","velvet mesquite","Fabaceae","tree","Prosopis","velutina",0.651,NA,-0.7152,1.7029,"Fabaceae/Juglandaceae/Other",NA,NA,NA,-2.5095,2.5437,NA,NA
"PRVE","NEON.PLA.D14.SRER.00364","SRER_048","SRER","D14",2016-01-09,"Standing dead","sapling","Mostly shaded",NA,0.3,NA,"Prosopis velutina Woot.",NA,NA,"2016",NA,757,"woodland","Prosopis velutina Wooton","velvet mesquite","Fabaceae","tree","Prosopis","velutina",0.651,NA,-0.7152,1.7029,"Fabaceae/Juglandaceae/Other",NA,NA,NA,-2.5095,2.5437,NA,NA
"PRVE","NEON.PLA.D14.SRER.00532","SRER_045","SRER","D14",2016-01-12,"Live","sapling","Partially shaded",NA,1.3,NA,"Prosopis velutina Woot.",3.9,259.9,"2016",NA,757,"woodland","Prosopis velutina Wooton","velvet mesquite","Fabaceae","tree","Prosopis","velutina",0.651,NA,-0.7152,1.7029,"Fabaceae/Juglandaceae/Other",NA,NA,NA,-2.5095,2.5437,NA,NA
"PRVE","NEON.PLA.D14.SRER.00532","SRER_045","SRER","D14",2016-01-12,"Live","sapling","Partially shaded",NA,1.3,NA,"Prosopis velutina Woot.",3.9,259.9,"2016",NA,757,"woodland","Prosopis velutina Wooton","velvet mesquite","Fabaceae","tree","Prosopis","velutina",0.651,NA,-0.7152,1.7029,"Fabaceae/Juglandaceae/Other",NA,NA,NA,-2.5095,2.5437,NA,NA
"PRVE","NEON.PLA.D14.SRER.00368","SRER_048","SRER","D14",2016-01-09,"Live","small tree","Partially shaded",130,1.6,1.1,"Prosopis velutina Woot.",11.8,97.6,"2016",NA,757,"woodland","Prosopis velutina Wooton","velvet mesquite","Fabaceae","tree","Prosopis","velutina",0.651,NA,-0.7152,1.7029,"Fabaceae/Juglandaceae/Other",NA,NA,NA,-2.5095,2.5437,0.575281211182373,0.10361641708583
"PRVE","NEON.PLA.D14.SRER.00368","SRER_048","SRER","D14",2016-01-09,"Live","small tree","Partially shaded",130,1.6,1.1,"Prosopis velutina Woot.",11.8,97.6,"2016",NA,757,"woodland","Prosopis velutina Wooton","velvet mesquite","Fabaceae","tree","Prosopis","velutina",0.651,NA,-0.7152,1.7029,"Fabaceae/Juglandaceae/Other",NA,NA,NA,-2.5095,2.5437,0.575281211182373,0.10361641708583
"PRVE","NEON.PLA.D14.SRER.00448","SRER_054","SRER","D14",2016-12-16,"Live","multi-bole tree",NA,130,7.1,13.3,"Prosopis velutina Woot.",8.9,46.8,"2016",NA,757,"woodland","Prosopis velutina Wooton","velvet mesquite","Fabaceae","tree","Prosopis","velutina",0.651,NA,-0.7152,1.7029,"Fabaceae/Juglandaceae/Other",NA,NA,NA,-2.5095,2.5437,40.1050946788077,58.73262569342
"PRVE","NEON.PLA.D14.SRER.00448A","SRER_054","SRER","D14",2016-12-16,"Live","multi-bole tree",NA,130,3.1,8.5,"Prosopis velutina Woot.",NA,NA,"2016",NA,757,"woodland","Prosopis velutina Wooton","velvet mesquite","Fabaceae","tree","Prosopis","velutina",0.651,NA,-0.7152,1.7029,"Fabaceae/Juglandaceae/Other",NA,NA,NA,-2.5095,2.5437,18.7111325418158,18.8061943089321
"PRVE","NEON.PLA.D14.SRER.00448B","SRER_054","SRER","D14",2016-12-16,"Live","multi-bole tree",NA,130,3.1,7.3,"Prosopis velutina Woot.",NA,NA,"2016",NA,757,"woodland","Prosopis velutina Wooton","velvet mesquite","Fabaceae","tree","Prosopis","velutina",0.651,NA,-0.7152,1.7029,"Fabaceae/Juglandaceae/Other",NA,NA,NA,-2.5095,2.5437,14.4392649361759,12.7694548521095
"PRVE","NEON.PLA.D14.SRER.00448C","SRER_054","SRER","D14",2016-12-16,"Live","multi-bole tree",NA,130,3.1,7,"Prosopis velutina Woot.",NA,NA,"2016",NA,757,"woodland","Prosopis velutina Wooton","velvet mesquite","Fabaceae","tree","Prosopis","velutina",0.651,NA,-0.7152,1.7029,"Fabaceae/Juglandaceae/Other",NA,NA,NA,-2.5095,2.5437,13.4434284131116,11.4766168290019
"PRVE","NEON.PLA.D14.SRER.00448D","SRER_054","SRER","D14",2016-12-16,"Live","multi-bole tree",NA,130,3.1,7.9,"Prosopis velutina Woot.",NA,NA,"2016",NA,757,"woodland","Prosopis velutina Wooton","velvet mesquite","Fabaceae","tree","Prosopis","velutina",0.651,NA,-0.7152,1.7029,"Fabaceae/Juglandaceae/Other",NA,NA,NA,-2.5095,2.5437,16.5181634913151,15.6110469469822
"PRVE","NEON.PLA.D14.SRER.00448E","SRER_054","SRER","D14",2016-12-16,"Live","multi-bole tree",NA,130,3.1,10,"Prosopis velutina Woot.",NA,NA,"2016",NA,757,"woodland","Prosopis velutina Wooton","velvet mesquite","Fabaceae","tree","Prosopis","velutina",0.651,NA,-0.7152,1.7029,"Fabaceae/Juglandaceae/Other",NA,NA,NA,-2.5095,2.5437,24.6770128104908,28.4340025259472
"PRVE","NEON.PLA.D14.SRER.00448F","SRER_054","SRER","D14",2016-12-16,"Live","multi-bole tree",NA,130,3.1,10.8,"Prosopis velutina Woot.",NA,NA,"2016",NA,757,"woodland","Prosopis velutina Wooton","velvet mesquite","Fabaceae","tree","Prosopis","velutina",0.651,NA,-0.7152,1.7029,"Fabaceae/Juglandaceae/Other",NA,NA,NA,-2.5095,2.5437,28.1326018445679,34.582628910662
"PRVE","NEON.PLA.D14.SRER.00448G","SRER_054","SRER","D14",2016-12-16,"Standing dead","multi-bole tree",NA,130,3.1,6.4,"Prosopis velutina Woot.",NA,NA,"2016",NA,757,"woodland","Prosopis velutina Wooton","velvet mesquite","Fabaceae","tree","Prosopis","velutina",0.651,NA,-0.7152,1.7029,"Fabaceae/Juglandaceae/Other",NA,NA,NA,-2.5095,2.5437,11.5408145994254,9.13730238558109
"PRVE","NEON.PLA.D14.SRER.00495","SRER_058","SRER","D14",2016-01-13,"Live","sapling","Mostly shaded",NA,0.6,NA,"Prosopis velutina Woot.",9.8,289.6,"2016",NA,757,"woodland","Prosopis velutina Wooton","velvet mesquite","Fabaceae","tree","Prosopis","velutina",0.651,NA,-0.7152,1.7029,"Fabaceae/Juglandaceae/Other",NA,NA,NA,-2.5095,2.5437,NA,NA
"PRVE","NEON.PLA.D14.SRER.00495","SRER_058","SRER","D14",2016-01-13,"Live","sapling","Mostly shaded",NA,0.6,NA,"Prosopis velutina Woot.",9.8,289.6,"2016",NA,757,"woodland","Prosopis velutina Wooton","velvet mesquite","Fabaceae","tree","Prosopis","velutina",0.651,NA,-0.7152,1.7029,"Fabaceae/Juglandaceae/Other",NA,NA,NA,-2.5095,2.5437,NA,NA
"PRVE","NEON.PLA.D14.SRER.00498","SRER_058","SRER","D14",2016-01-13,"Live","sapling","Partially shaded",NA,0.2,NA,"Prosopis velutina Woot.",11.6,309.8,"2016",NA,757,"woodland","Prosopis velutina Wooton","velvet mesquite","Fabaceae","tree","Prosopis","velutina",0.651,NA,-0.7152,1.7029,"Fabaceae/Juglandaceae/Other",NA,NA,NA,-2.5095,2.5437,NA,NA
"PRVE","NEON.PLA.D14.SRER.00498","SRER_058","SRER","D14",2016-01-13,"Live","sapling","Partially shaded",NA,0.2,NA,"Prosopis velutina Woot.",11.6,309.8,"2016",NA,757,"woodland","Prosopis velutina Wooton","velvet mesquite","Fabaceae","tree","Prosopis","velutina",0.651,NA,-0.7152,1.7029,"Fabaceae/Juglandaceae/Other",NA,NA,NA,-2.5095,2.5437,NA,NA
"PRVE","NEON.PLA.D14.SRER.00499","SRER_058","SRER","D14",2016-01-13,"Standing dead","sapling","Mostly shaded",NA,0.4,NA,"Prosopis velutina Woot.",13.5,341.2,"2016",NA,757,"woodland","Prosopis velutina Wooton","velvet mesquite","Fabaceae","tree","Prosopis","velutina",0.651,NA,-0.7152,1.7029,"Fabaceae/Juglandaceae/Other",NA,NA,NA,-2.5095,2.5437,NA,NA
"PRVE","NEON.PLA.D14.SRER.00499","SRER_058","SRER","D14",2016-01-13,"Standing dead","sapling","Mostly shaded",NA,0.4,NA,"Prosopis velutina Woot.",13.5,341.2,"2016",NA,757,"woodland","Prosopis velutina Wooton","velvet mesquite","Fabaceae","tree","Prosopis","velutina",0.651,NA,-0.7152,1.7029,"Fabaceae/Juglandaceae/Other",NA,NA,NA,-2.5095,2.5437,NA,NA
"PRVE","NEON.PLA.D14.SRER.00200","SRER_042","SRER","D14",2016-11-21,"Live,  other damage","multi-bole tree",NA,130,3.5,5,"Prosopis velutina Woot.",8.9,121.1,"2016",NA,757,"woodland","Prosopis velutina Wooton","velvet mesquite","Fabaceae","tree","Prosopis","velutina",0.651,NA,-0.7152,1.7029,"Fabaceae/Juglandaceae/Other",NA,NA,NA,-2.5095,2.5437,7.5799895504447,4.87649740779319
"PRVE","NEON.PLA.D14.SRER.00200","SRER_042","SRER","D14",2016-11-21,"Live","multi-bole tree",NA,130,3.5,10.3,"Prosopis velutina Woot.",8.9,121.1,"2016",NA,757,"woodland","Prosopis velutina Wooton","velvet mesquite","Fabaceae","tree","Prosopis","velutina",0.651,NA,-0.7152,1.7029,"Fabaceae/Juglandaceae/Other",NA,NA,NA,-2.5095,2.5437,25.9509401747562,30.6543453724113
"PRVE","NEON.PLA.D14.SRER.00506","SRER_042","SRER","D14",2016-11-21,"Live","small tree",NA,130,2.6,1.1,"Prosopis velutina Woot.",8.8,217,"2016",NA,757,"woodland","Prosopis velutina Wooton","velvet mesquite","Fabaceae","tree","Prosopis","velutina",0.651,NA,-0.7152,1.7029,"Fabaceae/Juglandaceae/Other",NA,NA,NA,-2.5095,2.5437,0.575281211182373,0.10361641708583
"PRVE","NEON.PLA.D14.SRER.00506","SRER_042","SRER","D14",2016-11-21,"Live","small tree",NA,130,2.6,2,"Prosopis velutina Woot.",8.8,217,"2016",NA,757,"woodland","Prosopis velutina Wooton","velvet mesquite","Fabaceae","tree","Prosopis","velutina",0.651,NA,-0.7152,1.7029,"Fabaceae/Juglandaceae/Other",NA,NA,NA,-2.5095,2.5437,1.59226946299669,0.474097862887367
"PRVE","NEON.PLA.D14.SRER.00506","SRER_042","SRER","D14",2016-11-21,"Live","small tree",NA,130,2.6,1.1,"Prosopis velutina Woot.",8.8,217,"2016",NA,757,"woodland","Prosopis velutina Wooton","velvet mesquite","Fabaceae","tree","Prosopis","velutina",0.651,NA,-0.7152,1.7029,"Fabaceae/Juglandaceae/Other",NA,NA,NA,-2.5095,2.5437,0.575281211182373,0.10361641708583
"PRVE","NEON.PLA.D14.SRER.00506","SRER_042","SRER","D14",2016-11-21,"Live","small tree",NA,130,2.6,2.1,"Prosopis velutina Woot.",8.8,217,"2016",NA,757,"woodland","Prosopis velutina Wooton","velvet mesquite","Fabaceae","tree","Prosopis","velutina",0.651,NA,-0.7152,1.7029,"Fabaceae/Juglandaceae/Other",NA,NA,NA,-2.5095,2.5437,1.73021400702146,0.536744023864869
"PRVE","NEON.PLA.D14.SRER.00506","SRER_042","SRER","D14",2016-11-21,"Live","small tree",NA,130,2.6,1.2,"Prosopis velutina Woot.",8.8,217,"2016",NA,757,"woodland","Prosopis velutina Wooton","velvet mesquite","Fabaceae","tree","Prosopis","velutina",0.651,NA,-0.7152,1.7029,"Fabaceae/Juglandaceae/Other",NA,NA,NA,-2.5095,2.5437,0.6671605076006,0.129285950666023
"PRVE","NEON.PLA.D14.SRER.00508","SRER_042","SRER","D14",2016-11-21,"Live,  other damage","small tree",NA,130,1.8,1.5,"Prosopis velutina Woot.",3.5,220,"2016",NA,757,"woodland","Prosopis velutina Wooton","velvet mesquite","Fabaceae","tree","Prosopis","velutina",0.651,NA,-0.7152,1.7029,"Fabaceae/Juglandaceae/Other",NA,NA,NA,-2.5095,2.5437,0.975569898558352,0.228066413649985
"PRVE","NEON.PLA.D14.SRER.00508","SRER_042","SRER","D14",2016-11-21,"Live,  other damage","small tree",NA,130,1.8,1.4,"Prosopis velutina Woot.",3.5,220,"2016",NA,757,"woodland","Prosopis velutina Wooton","velvet mesquite","Fabaceae","tree","Prosopis","velutina",0.651,NA,-0.7152,1.7029,"Fabaceae/Juglandaceae/Other",NA,NA,NA,-2.5095,2.5437,0.867429161891086,0.191356792166063
"PRVE","NEON.PLA.D14.SRER.00508","SRER_042","SRER","D14",2016-11-21,"Live,  other damage","small tree",NA,130,1.8,1.6,"Prosopis velutina Woot.",3.5,220,"2016",NA,757,"woodland","Prosopis velutina Wooton","velvet mesquite","Fabaceae","tree","Prosopis","velutina",0.651,NA,-0.7152,1.7029,"Fabaceae/Juglandaceae/Other",NA,NA,NA,-2.5095,2.5437,1.08890127169731,0.26875589408878
"PRVE","NEON.PLA.D14.SRER.00508","SRER_042","SRER","D14",2016-11-21,"Live,  other damage","small tree",NA,130,1.8,1.3,"Prosopis velutina Woot.",3.5,220,"2016",NA,757,"woodland","Prosopis velutina Wooton","velvet mesquite","Fabaceae","tree","Prosopis","velutina",0.651,NA,-0.7152,1.7029,"Fabaceae/Juglandaceae/Other",NA,NA,NA,-2.5095,2.5437,0.764586668307115,0.158480452638195
"PRVE","NEON.PLA.D14.SRER.00508","SRER_042","SRER","D14",2016-11-21,"Live,  other damage","small tree",NA,130,1.8,1.2,"Prosopis velutina Woot.",3.5,220,"2016",NA,757,"woodland","Prosopis velutina Wooton","velvet mesquite","Fabaceae","tree","Prosopis","velutina",0.651,NA,-0.7152,1.7029,"Fabaceae/Juglandaceae/Other",NA,NA,NA,-2.5095,2.5437,0.6671605076006,0.129285950666023
"PRVE","NEON.PLA.D14.SRER.00520","SRER_045","SRER","D14",2016-01-12,"Standing dead","sapling","Full shade",NA,0.8,NA,"Prosopis velutina Woot.",10.2,215.2,"2016",NA,757,"woodland","Prosopis velutina Wooton","velvet mesquite","Fabaceae","tree","Prosopis","velutina",0.651,NA,-0.7152,1.7029,"Fabaceae/Juglandaceae/Other",NA,NA,NA,-2.5095,2.5437,NA,NA
"PRVE","NEON.PLA.D14.SRER.00520","SRER_045","SRER","D14",2016-01-12,"Standing dead","sapling","Full shade",NA,0.8,NA,"Prosopis velutina Woot.",10.2,215.2,"2016",NA,757,"woodland","Prosopis velutina Wooton","velvet mesquite","Fabaceae","tree","Prosopis","velutina",0.651,NA,-0.7152,1.7029,"Fabaceae/Juglandaceae/Other",NA,NA,NA,-2.5095,2.5437,NA,NA
"PRVE","NEON.PLA.D14.SRER.00523","SRER_045","SRER","D14",2016-01-12,"Live","small tree","Partially shaded",NA,1.4,NA,"Prosopis velutina Woot.",12.2,241,"2016",NA,757,"woodland","Prosopis velutina Wooton","velvet mesquite","Fabaceae","tree","Prosopis","velutina",0.651,NA,-0.7152,1.7029,"Fabaceae/Juglandaceae/Other",NA,NA,NA,-2.5095,2.5437,NA,NA
"PRVE","NEON.PLA.D14.SRER.00523","SRER_045","SRER","D14",2016-01-12,"Live","small tree","Partially shaded",NA,1.4,NA,"Prosopis velutina Woot.",12.2,241,"2016",NA,757,"woodland","Prosopis velutina Wooton","velvet mesquite","Fabaceae","tree","Prosopis","velutina",0.651,NA,-0.7152,1.7029,"Fabaceae/Juglandaceae/Other",NA,NA,NA,-2.5095,2.5437,NA,NA
"PRVE","NEON.PLA.D14.SRER.01116","SRER_046","SRER","D14",2016-10-19,"Live","small tree",NA,130,2.2,1.6,"Prosopis velutina Woot.",3.2,17.2,"2016",NA,757,"woodland","Prosopis velutina Wooton","velvet mesquite","Fabaceae","tree","Prosopis","velutina",0.651,NA,-0.7152,1.7029,"Fabaceae/Juglandaceae/Other",NA,NA,NA,-2.5095,2.5437,1.08890127169731,0.26875589408878
"PRVE","NEON.PLA.D14.SRER.01116","SRER_046","SRER","D14",2016-10-19,"Live","small tree",NA,130,2.2,1,"Prosopis velutina Woot.",3.2,17.2,"2016",NA,757,"woodland","Prosopis velutina Wooton","velvet mesquite","Fabaceae","tree","Prosopis","velutina",0.651,NA,-0.7152,1.7029,"Fabaceae/Juglandaceae/Other",NA,NA,NA,-2.5095,2.5437,0.489094283157162,0.0813088835207353
"PRVE","NEON.PLA.D14.SRER.00528","SRER_045","SRER","D14",2016-01-12,"Standing dead","sapling","Full shade",NA,1,NA,"Prosopis velutina Woot.",4.2,210,"2016",NA,757,"woodland","Prosopis velutina Wooton","velvet mesquite","Fabaceae","tree","Prosopis","velutina",0.651,NA,-0.7152,1.7029,"Fabaceae/Juglandaceae/Other",NA,NA,NA,-2.5095,2.5437,NA,NA
"PRVE","NEON.PLA.D14.SRER.00528","SRER_045","SRER","D14",2016-01-12,"Standing dead","sapling","Full shade",NA,1,NA,"Prosopis velutina Woot.",4.2,210,"2016",NA,757,"woodland","Prosopis velutina Wooton","velvet mesquite","Fabaceae","tree","Prosopis","velutina",0.651,NA,-0.7152,1.7029,"Fabaceae/Juglandaceae/Other",NA,NA,NA,-2.5095,2.5437,NA,NA
"PRVE","NEON.PLA.D14.SRER.00531","SRER_045","SRER","D14",2016-01-12,"Standing dead","sapling","Mostly shaded",NA,1.1,NA,"Prosopis velutina Woot.",4.1,259.9,"2016",NA,757,"woodland","Prosopis velutina Wooton","velvet mesquite","Fabaceae","tree","Prosopis","velutina",0.651,NA,-0.7152,1.7029,"Fabaceae/Juglandaceae/Other",NA,NA,NA,-2.5095,2.5437,NA,NA
"PRVE","NEON.PLA.D14.SRER.00531","SRER_045","SRER","D14",2016-01-12,"Standing dead","sapling","Mostly shaded",NA,1.1,NA,"Prosopis velutina Woot.",4.1,259.9,"2016",NA,757,"woodland","Prosopis velutina Wooton","velvet mesquite","Fabaceae","tree","Prosopis","velutina",0.651,NA,-0.7152,1.7029,"Fabaceae/Juglandaceae/Other",NA,NA,NA,-2.5095,2.5437,NA,NA
"PRVE","NEON.PLA.D14.SRER.00684","SRER_053","SRER","D14",2016-01-12,"Live","small tree","Partially shaded",130,1.8,2,"Prosopis velutina Woot.",10.2,150.6,"2016",NA,757,"woodland","Prosopis velutina Wooton","velvet mesquite","Fabaceae","tree","Prosopis","velutina",0.651,NA,-0.7152,1.7029,"Fabaceae/Juglandaceae/Other",NA,NA,NA,-2.5095,2.5437,1.59226946299669,0.474097862887367
"PRVE","NEON.PLA.D14.SRER.00684","SRER_053","SRER","D14",2016-01-12,"Live","small tree","Partially shaded",130,1.8,2,"Prosopis velutina Woot.",10.2,150.6,"2016",NA,757,"woodland","Prosopis velutina Wooton","velvet mesquite","Fabaceae","tree","Prosopis","velutina",0.651,NA,-0.7152,1.7029,"Fabaceae/Juglandaceae/Other",NA,NA,NA,-2.5095,2.5437,1.59226946299669,0.474097862887367
"PRVE","NEON.PLA.D14.SRER.00533","SRER_045","SRER","D14",2016-01-12,"Live","sapling","Partially shaded",NA,1.3,NA,"Prosopis velutina Woot.",3.8,260.8,"2016",NA,757,"woodland","Prosopis velutina Wooton","velvet mesquite","Fabaceae","tree","Prosopis","velutina",0.651,NA,-0.7152,1.7029,"Fabaceae/Juglandaceae/Other",NA,NA,NA,-2.5095,2.5437,NA,NA
"PRVE","NEON.PLA.D14.SRER.00533","SRER_045","SRER","D14",2016-01-12,"Live","sapling","Partially shaded",NA,1.3,NA,"Prosopis velutina Woot.",3.8,260.8,"2016",NA,757,"woodland","Prosopis velutina Wooton","velvet mesquite","Fabaceae","tree","Prosopis","velutina",0.651,NA,-0.7152,1.7029,"Fabaceae/Juglandaceae/Other",NA,NA,NA,-2.5095,2.5437,NA,NA
"PRVE","NEON.PLA.D14.SRER.00901","SRER_058","SRER","D14",2016-01-13,"Standing dead","sapling","Mostly shaded",NA,0.3,NA,"Prosopis velutina Woot.",14.1,342.2,"2016",NA,757,"woodland","Prosopis velutina Wooton","velvet mesquite","Fabaceae","tree","Prosopis","velutina",0.651,NA,-0.7152,1.7029,"Fabaceae/Juglandaceae/Other",NA,NA,NA,-2.5095,2.5437,NA,NA
"PRVE","NEON.PLA.D14.SRER.00901","SRER_058","SRER","D14",2016-01-13,"Standing dead","sapling","Mostly shaded",NA,0.3,NA,"Prosopis velutina Woot.",14.1,342.2,"2016",NA,757,"woodland","Prosopis velutina Wooton","velvet mesquite","Fabaceae","tree","Prosopis","velutina",0.651,NA,-0.7152,1.7029,"Fabaceae/Juglandaceae/Other",NA,NA,NA,-2.5095,2.5437,NA,NA
"PRVE","NEON.PLA.D14.SRER.00706","SRER_059","SRER","D14",2016-01-13,"Live","small tree","Partially shaded",130,1.7,1.1,"Prosopis velutina Woot.",5,216.8,"2016",NA,757,"woodland","Prosopis velutina Wooton","velvet mesquite","Fabaceae","tree","Prosopis","velutina",0.651,NA,-0.7152,1.7029,"Fabaceae/Juglandaceae/Other",NA,NA,NA,-2.5095,2.5437,0.575281211182373,0.10361641708583
"PRVE","NEON.PLA.D14.SRER.00706","SRER_059","SRER","D14",2016-01-13,"Live","small tree","Partially shaded",130,1.7,1.1,"Prosopis velutina Woot.",5,216.8,"2016",NA,757,"woodland","Prosopis velutina Wooton","velvet mesquite","Fabaceae","tree","Prosopis","velutina",0.651,NA,-0.7152,1.7029,"Fabaceae/Juglandaceae/Other",NA,NA,NA,-2.5095,2.5437,0.575281211182373,0.10361641708583
"PRVE","NEON.PLA.D14.SRER.00744","SRER_059","SRER","D14",2016-01-13,"Live","sapling","Mostly shaded",NA,1.3,NA,"Prosopis velutina Woot.",12,237.4,"2016",NA,757,"woodland","Prosopis velutina Wooton","velvet mesquite","Fabaceae","tree","Prosopis","velutina",0.651,NA,-0.7152,1.7029,"Fabaceae/Juglandaceae/Other",NA,NA,NA,-2.5095,2.5437,NA,NA
"PRVE","NEON.PLA.D14.SRER.00744","SRER_059","SRER","D14",2016-01-13,"Live","sapling","Mostly shaded",NA,1.3,NA,"Prosopis velutina Woot.",12,237.4,"2016",NA,757,"woodland","Prosopis velutina Wooton","velvet mesquite","Fabaceae","tree","Prosopis","velutina",0.651,NA,-0.7152,1.7029,"Fabaceae/Juglandaceae/Other",NA,NA,NA,-2.5095,2.5437,NA,NA
"PRVE","NEON.PLA.D14.SRER.00773","SRER_051","SRER","D14",2016-01-14,"Live","small tree","Open grown",130,NA,1.3,"Prosopis velutina Woot.",9.6,63.5,"2016",NA,757,"woodland","Prosopis velutina Wooton","velvet mesquite","Fabaceae","tree","Prosopis","velutina",0.651,NA,-0.7152,1.7029,"Fabaceae/Juglandaceae/Other",NA,NA,NA,-2.5095,2.5437,0.764586668307115,0.158480452638195
"PRVE","NEON.PLA.D14.SRER.00773","SRER_051","SRER","D14",2016-01-14,"Live","small tree","Open grown",130,NA,1.3,"Prosopis velutina Woot.",9.6,63.5,"2016",NA,757,"woodland","Prosopis velutina Wooton","velvet mesquite","Fabaceae","tree","Prosopis","velutina",0.651,NA,-0.7152,1.7029,"Fabaceae/Juglandaceae/Other",NA,NA,NA,-2.5095,2.5437,0.764586668307115,0.158480452638195
"PRVE","NEON.PLA.D14.SRER.00775","SRER_051","SRER","D14",2016-01-14,"Live","small tree","Full sun",130,NA,5.2,"Prosopis velutina Woot.",12.1,220.1,"2016",NA,757,"woodland","Prosopis velutina Wooton","velvet mesquite","Fabaceae","tree","Prosopis","velutina",0.651,NA,-0.7152,1.7029,"Fabaceae/Juglandaceae/Other",NA,NA,NA,-2.5095,2.5437,8.10353813837553,5.38810068842842
"PRVE","NEON.PLA.D14.SRER.00775","SRER_051","SRER","D14",2016-01-14,"Live","small tree","Full sun",130,NA,5.2,"Prosopis velutina Woot.",12.1,220.1,"2016",NA,757,"woodland","Prosopis velutina Wooton","velvet mesquite","Fabaceae","tree","Prosopis","velutina",0.651,NA,-0.7152,1.7029,"Fabaceae/Juglandaceae/Other",NA,NA,NA,-2.5095,2.5437,8.10353813837553,5.38810068842842
"PRVE","NEON.PLA.D14.SRER.00775","SRER_051","SRER","D14",2016-11-08,"Live,  other damage","small tree",NA,130,3.1,4.5,"Prosopis velutina Woot.",12.1,220.1,"2016",NA,757,"woodland","Prosopis velutina Wooton","velvet mesquite","Fabaceae","tree","Prosopis","velutina",0.651,NA,-0.7152,1.7029,"Fabaceae/Juglandaceae/Other",NA,NA,NA,-2.5095,2.5437,6.33502271226507,3.73005013349174
"PRVE","NEON.PLA.D14.SRER.00893","SRER_056","SRER","D14",2016-01-25,"Live","small tree","Mostly shaded",NA,1.8,NA,"Prosopis velutina Woot.",6.6,106.4,"2016",NA,757,"woodland","Prosopis velutina Wooton","velvet mesquite","Fabaceae","tree","Prosopis","velutina",0.651,NA,-0.7152,1.7029,"Fabaceae/Juglandaceae/Other",NA,NA,NA,-2.5095,2.5437,NA,NA
"PRVE","NEON.PLA.D14.SRER.00893","SRER_056","SRER","D14",2016-01-25,"Live","small tree","Mostly shaded",NA,1.8,NA,"Prosopis velutina Woot.",6.6,106.4,"2016",NA,757,"woodland","Prosopis velutina Wooton","velvet mesquite","Fabaceae","tree","Prosopis","velutina",0.651,NA,-0.7152,1.7029,"Fabaceae/Juglandaceae/Other",NA,NA,NA,-2.5095,2.5437,NA,NA
"PRVE","NEON.PLA.D14.SRER.00585","SRER_001","SRER","D14",2016-01-13,"Live","multi-bole tree","Partially shaded",130,NA,12.8,"Prosopis velutina Woot.",7.6,209.5,"2016",NA,757,"woodland","Prosopis velutina Wooton","velvet mesquite","Fabaceae","tree","Prosopis","velutina",0.651,NA,-0.7152,1.7029,"Fabaceae/Juglandaceae/Other",NA,NA,NA,-2.5095,2.5437,37.5716652138143,53.278010298283
"PRVE","NEON.PLA.D14.SRER.00585","SRER_001","SRER","D14",2016-01-13,"Live","multi-bole tree","Partially shaded",130,NA,12.8,"Prosopis velutina Woot.",7.6,209.5,"2016",NA,757,"woodland","Prosopis velutina Wooton","velvet mesquite","Fabaceae","tree","Prosopis","velutina",0.651,NA,-0.7152,1.7029,"Fabaceae/Juglandaceae/Other",NA,NA,NA,-2.5095,2.5437,37.5716652138143,53.278010298283
"PRVE","NEON.PLA.D14.SRER.00902","SRER_058","SRER","D14",2016-01-13,"Standing dead","small tree","Partially shaded",120,0.8,NA,"Prosopis velutina Woot.",14.3,340.6,"2016",NA,757,"woodland","Prosopis velutina Wooton","velvet mesquite","Fabaceae","tree","Prosopis","velutina",0.651,NA,-0.7152,1.7029,"Fabaceae/Juglandaceae/Other",NA,NA,NA,-2.5095,2.5437,NA,NA
"PRVE","NEON.PLA.D14.SRER.00580","SRER_058","SRER","D14",2017-01-12,"Live,  other damage","small tree",NA,130,1.9,4.5,"Prosopis velutina Woot.",9.9,223.1,"2017",NA,757,"woodland","Prosopis velutina Wooton","velvet mesquite","Fabaceae","tree","Prosopis","velutina",0.651,NA,-0.7152,1.7029,"Fabaceae/Juglandaceae/Other",NA,NA,NA,-2.5095,2.5437,6.33502271226507,3.73005013349174
"PRVE","NEON.PLA.D14.SRER.00580","SRER_058","SRER","D14",2017-01-12,"Live,  other damage","small tree",NA,130,1.9,1.4,"Prosopis velutina Woot.",9.9,223.1,"2017",NA,757,"woodland","Prosopis velutina Wooton","velvet mesquite","Fabaceae","tree","Prosopis","velutina",0.651,NA,-0.7152,1.7029,"Fabaceae/Juglandaceae/Other",NA,NA,NA,-2.5095,2.5437,0.867429161891086,0.191356792166063
"PRVE","NEON.PLA.D14.SRER.00580","SRER_058","SRER","D14",2017-01-12,"Live","small tree",NA,130,1.9,1.1,"Prosopis velutina Woot.",9.9,223.1,"2017",NA,757,"woodland","Prosopis velutina Wooton","velvet mesquite","Fabaceae","tree","Prosopis","velutina",0.651,NA,-0.7152,1.7029,"Fabaceae/Juglandaceae/Other",NA,NA,NA,-2.5095,2.5437,0.575281211182373,0.10361641708583
"PRVE","NEON.PLA.D14.SRER.00580","SRER_058","SRER","D14",2017-01-12,"Live,  other damage","small tree",NA,130,1.9,3.1,"Prosopis velutina Woot.",9.9,223.1,"2017",NA,757,"woodland","Prosopis velutina Wooton","velvet mesquite","Fabaceae","tree","Prosopis","velutina",0.651,NA,-0.7152,1.7029,"Fabaceae/Juglandaceae/Other",NA,NA,NA,-2.5095,2.5437,3.3583999515516,1.44548882419703
"PRVE","NEON.PLA.D14.SRER.00580","SRER_058","SRER","D14",2017-01-12,"Live","small tree",NA,130,1.9,1.3,"Prosopis velutina Woot.",9.9,223.1,"2017",NA,757,"woodland","Prosopis velutina Wooton","velvet mesquite","Fabaceae","tree","Prosopis","velutina",0.651,NA,-0.7152,1.7029,"Fabaceae/Juglandaceae/Other",NA,NA,NA,-2.5095,2.5437,0.764586668307115,0.158480452638195
"PRVE","NEON.PLA.D14.SRER.00580","SRER_058","SRER","D14",2017-01-12,"Live,  other damage","small tree",NA,130,1.9,3.1,"Prosopis velutina Woot.",9.9,223.1,"2017",NA,757,"woodland","Prosopis velutina Wooton","velvet mesquite","Fabaceae","tree","Prosopis","velutina",0.651,NA,-0.7152,1.7029,"Fabaceae/Juglandaceae/Other",NA,NA,NA,-2.5095,2.5437,3.3583999515516,1.44548882419703
"PRVE","NEON.PLA.D14.SRER.00583","SRER_058","SRER","D14",2017-01-12,"Live,  other damage","small tree",NA,130,2.4,6.5,"Prosopis velutina Woot.",8.2,204.6,"2017",NA,757,"woodland","Prosopis velutina Wooton","velvet mesquite","Fabaceae","tree","Prosopis","velutina",0.651,NA,-0.7152,1.7029,"Fabaceae/Juglandaceae/Other",NA,NA,NA,-2.5095,2.5437,11.8495741123086,9.50485953086495
"PRVE","NEON.PLA.D14.SRER.00583","SRER_001","SRER","D14",2016-01-13,"Live","single bole tree","Partially shaded",140,NA,12.4,"Prosopis velutina Woot.",8.2,204.6,"2016",NA,757,"woodland","Prosopis velutina Wooton","velvet mesquite","Fabaceae","tree","Prosopis","velutina",0.651,NA,-0.7152,1.7029,"Fabaceae/Juglandaceae/Other",NA,NA,NA,-2.5095,2.5437,35.5942932559549,49.1444793292729
"PRVE","NEON.PLA.D14.SRER.00583","SRER_058","SRER","D14",2017-01-12,"Live,  other damage","small tree",NA,130,2.4,12.5,"Prosopis velutina Woot.",8.2,204.6,"2017",NA,757,"woodland","Prosopis velutina Wooton","velvet mesquite","Fabaceae","tree","Prosopis","velutina",0.651,NA,-0.7152,1.7029,"Fabaceae/Juglandaceae/Other",NA,NA,NA,-2.5095,2.5437,36.0844963243325,50.1588993111813
"PRVE","NEON.PLA.D14.SRER.00583","SRER_001","SRER","D14",2016-01-13,"Live","single bole tree","Partially shaded",140,NA,12.4,"Prosopis velutina Woot.",8.2,204.6,"2016",NA,757,"woodland","Prosopis velutina Wooton","velvet mesquite","Fabaceae","tree","Prosopis","velutina",0.651,NA,-0.7152,1.7029,"Fabaceae/Juglandaceae/Other",NA,NA,NA,-2.5095,2.5437,35.5942932559549,49.1444793292729
"PRVE","NEON.PLA.D14.SRER.00687","SRER_053","SRER","D14",2016-01-12,"Standing dead","sapling","Full shade",NA,0.4,NA,"Prosopis velutina Woot.",NA,NA,"2016",NA,757,"woodland","Prosopis velutina Wooton","velvet mesquite","Fabaceae","tree","Prosopis","velutina",0.651,NA,-0.7152,1.7029,"Fabaceae/Juglandaceae/Other",NA,NA,NA,-2.5095,2.5437,NA,NA
"PRVE","NEON.PLA.D14.SRER.01732","SRER_042","SRER","D14",2016-11-21,"Live,  other damage","small tree",NA,130,2.4,2.5,"Prosopis velutina Woot.",7.3,269.2,"2016",NA,757,"woodland","Prosopis velutina Wooton","velvet mesquite","Fabaceae","tree","Prosopis","velutina",0.651,NA,-0.7152,1.7029,"Fabaceae/Juglandaceae/Other",NA,NA,NA,-2.5095,2.5437,2.32833050037665,0.836330620232351
"PRVE","NEON.PLA.D14.SRER.01116","SRER_046","SRER","D14",2016-10-19,"Live","small tree",NA,130,2.2,1,"Prosopis velutina Woot.",3.2,17.2,"2016",NA,757,"woodland","Prosopis velutina Wooton","velvet mesquite","Fabaceae","tree","Prosopis","velutina",0.651,NA,-0.7152,1.7029,"Fabaceae/Juglandaceae/Other",NA,NA,NA,-2.5095,2.5437,0.489094283157162,0.0813088835207353
"PRVE","NEON.PLA.D14.SRER.01116","SRER_046","SRER","D14",2016-10-19,"Live","small tree",NA,130,2.2,1.1,"Prosopis velutina Woot.",3.2,17.2,"2016",NA,757,"woodland","Prosopis velutina Wooton","velvet mesquite","Fabaceae","tree","Prosopis","velutina",0.651,NA,-0.7152,1.7029,"Fabaceae/Juglandaceae/Other",NA,NA,NA,-2.5095,2.5437,0.575281211182373,0.10361641708583
"PRVE","NEON.PLA.D14.SRER.00902","SRER_058","SRER","D14",2016-01-13,"Standing dead","small tree","Partially shaded",120,0.8,NA,"Prosopis velutina Woot.",14.3,340.6,"2016",NA,757,"woodland","Prosopis velutina Wooton","velvet mesquite","Fabaceae","tree","Prosopis","velutina",0.651,NA,-0.7152,1.7029,"Fabaceae/Juglandaceae/Other",NA,NA,NA,-2.5095,2.5437,NA,NA
"PRVE","NEON.PLA.D14.SRER.01732","SRER_042","SRER","D14",2016-11-21,"Live,  other damage","small tree",NA,130,2.4,3,"Prosopis velutina Woot.",7.3,269.2,"2016",NA,757,"woodland","Prosopis velutina Wooton","velvet mesquite","Fabaceae","tree","Prosopis","velutina",0.651,NA,-0.7152,1.7029,"Fabaceae/Juglandaceae/Other",NA,NA,NA,-2.5095,2.5437,3.17601372983968,1.32981532430303
"PRVE","NEON.PLA.D14.SRER.01116","SRER_046","SRER","D14",2016-10-19,"Live","small tree",NA,130,2.2,1,"Prosopis velutina Woot.",3.2,17.2,"2016",NA,757,"woodland","Prosopis velutina Wooton","velvet mesquite","Fabaceae","tree","Prosopis","velutina",0.651,NA,-0.7152,1.7029,"Fabaceae/Juglandaceae/Other",NA,NA,NA,-2.5095,2.5437,0.489094283157162,0.0813088835207353
"PRVE","NEON.PLA.D14.SRER.01116","SRER_046","SRER","D14",2016-10-19,"Live","small tree",NA,130,2.2,1.3,"Prosopis velutina Woot.",3.2,17.2,"2016",NA,757,"woodland","Prosopis velutina Wooton","velvet mesquite","Fabaceae","tree","Prosopis","velutina",0.651,NA,-0.7152,1.7029,"Fabaceae/Juglandaceae/Other",NA,NA,NA,-2.5095,2.5437,0.764586668307115,0.158480452638195
"PRVE","NEON.PLA.D14.SRER.00642","SRER_053","SRER","D14",2016-01-12,"Standing dead","small tree","Partially shaded",130,1.8,2.1,"Prosopis velutina Woot.",4.8,15.8,"2016",NA,757,"woodland","Prosopis velutina Wooton","velvet mesquite","Fabaceae","tree","Prosopis","velutina",0.651,NA,-0.7152,1.7029,"Fabaceae/Juglandaceae/Other",NA,NA,NA,-2.5095,2.5437,1.73021400702146,0.536744023864869
"PRVE","NEON.PLA.D14.SRER.00642","SRER_053","SRER","D14",2016-01-12,"Standing dead","small tree","Partially shaded",130,1.8,2.1,"Prosopis velutina Woot.",4.8,15.8,"2016",NA,757,"woodland","Prosopis velutina Wooton","velvet mesquite","Fabaceae","tree","Prosopis","velutina",0.651,NA,-0.7152,1.7029,"Fabaceae/Juglandaceae/Other",NA,NA,NA,-2.5095,2.5437,1.73021400702146,0.536744023864869
"PRVE","NEON.PLA.D14.SRER.01731","SRER_042","SRER","D14",2016-11-21,"Live","small tree",NA,130,2.5,1.5,"Prosopis velutina Woot.",7.9,269.2,"2016",NA,757,"woodland","Prosopis velutina Wooton","velvet mesquite","Fabaceae","tree","Prosopis","velutina",0.651,NA,-0.7152,1.7029,"Fabaceae/Juglandaceae/Other",NA,NA,NA,-2.5095,2.5437,0.975569898558352,0.228066413649985
"PRVE","NEON.PLA.D14.SRER.01732","SRER_042","SRER","D14",2016-11-21,"Live,  other damage","small tree",NA,130,2.4,1.5,"Prosopis velutina Woot.",7.3,269.2,"2016",NA,757,"woodland","Prosopis velutina Wooton","velvet mesquite","Fabaceae","tree","Prosopis","velutina",0.651,NA,-0.7152,1.7029,"Fabaceae/Juglandaceae/Other",NA,NA,NA,-2.5095,2.5437,0.975569898558352,0.228066413649985
"PRVE","NEON.PLA.D14.SRER.00687","SRER_053","SRER","D14",2016-01-12,"Standing dead","sapling","Full shade",NA,0.4,NA,"Prosopis velutina Woot.",NA,NA,"2016",NA,757,"woodland","Prosopis velutina Wooton","velvet mesquite","Fabaceae","tree","Prosopis","velutina",0.651,NA,-0.7152,1.7029,"Fabaceae/Juglandaceae/Other",NA,NA,NA,-2.5095,2.5437,NA,NA
"PRVE","NEON.PLA.D14.SRER.01732","SRER_042","SRER","D14",2016-11-21,"Live,  other damage","small tree",NA,130,2.4,2,"Prosopis velutina Woot.",7.3,269.2,"2016",NA,757,"woodland","Prosopis velutina Wooton","velvet mesquite","Fabaceae","tree","Prosopis","velutina",0.651,NA,-0.7152,1.7029,"Fabaceae/Juglandaceae/Other",NA,NA,NA,-2.5095,2.5437,1.59226946299669,0.474097862887367
"PRVE","NEON.PLA.D14.SRER.01001","SRER_049","SRER","D14",2016-11-10,"Standing dead","small tree",NA,130,1.9,2.7,"Prosopis velutina Woot.",12.1,46.6,"2016",NA,757,"woodland","Prosopis velutina Wooton","velvet mesquite","Fabaceae","tree","Prosopis","velutina",0.651,NA,-0.7152,1.7029,"Fabaceae/Juglandaceae/Other",NA,NA,NA,-2.5095,2.5437,2.65437293535842,1.01718045005188
"PRVE","NEON.PLA.D14.SRER.01732","SRER_042","SRER","D14",2016-11-21,"Live,  other damage","small tree",NA,130,2.4,4.1,"Prosopis velutina Woot.",7.3,269.2,"2016",NA,757,"woodland","Prosopis velutina Wooton","velvet mesquite","Fabaceae","tree","Prosopis","velutina",0.651,NA,-0.7152,1.7029,"Fabaceae/Juglandaceae/Other",NA,NA,NA,-2.5095,2.5437,5.40632582769226,2.94358305361549
"PRVE","NEON.PLA.D14.SRER.01732","SRER_042","SRER","D14",2016-11-21,"Live,  other damage","small tree",NA,130,2.4,1.9,"Prosopis velutina Woot.",7.3,269.2,"2016",NA,757,"woodland","Prosopis velutina Wooton","velvet mesquite","Fabaceae","tree","Prosopis","velutina",0.651,NA,-0.7152,1.7029,"Fabaceae/Juglandaceae/Other",NA,NA,NA,-2.5095,2.5437,1.45909004236974,0.416105572968629
"PRVE","NEON.PLA.D14.SRER.01731","SRER_042","SRER","D14",2016-11-21,"Live","small tree",NA,130,2.5,4,"Prosopis velutina Woot.",7.9,269.2,"2016",NA,757,"woodland","Prosopis velutina Wooton","velvet mesquite","Fabaceae","tree","Prosopis","velutina",0.651,NA,-0.7152,1.7029,"Fabaceae/Juglandaceae/Other",NA,NA,NA,-2.5095,2.5437,5.18370819308284,2.76438162549666
"PRVE","NEON.PLA.D14.SRER.01731","SRER_042","SRER","D14",2016-11-21,"Live","small tree",NA,130,2.5,1.8,"Prosopis velutina Woot.",7.9,269.2,"2016",NA,757,"woodland","Prosopis velutina Wooton","velvet mesquite","Fabaceae","tree","Prosopis","velutina",0.651,NA,-0.7152,1.7029,"Fabaceae/Juglandaceae/Other",NA,NA,NA,-2.5095,2.5437,1.3307489601405,0.36263913396633
"PRVE","NEON.PLA.D14.SRER.01731","SRER_042","SRER","D14",2016-11-21,"Live","small tree",NA,130,2.5,2.7,"Prosopis velutina Woot.",7.9,269.2,"2016",NA,757,"woodland","Prosopis velutina Wooton","velvet mesquite","Fabaceae","tree","Prosopis","velutina",0.651,NA,-0.7152,1.7029,"Fabaceae/Juglandaceae/Other",NA,NA,NA,-2.5095,2.5437,2.65437293535842,1.01718045005188
"PRVE","NEON.PLA.D14.SRER.01731","SRER_042","SRER","D14",2016-11-21,"Live","small tree",NA,130,2.5,2.7,"Prosopis velutina Woot.",7.9,269.2,"2016",NA,757,"woodland","Prosopis velutina Wooton","velvet mesquite","Fabaceae","tree","Prosopis","velutina",0.651,NA,-0.7152,1.7029,"Fabaceae/Juglandaceae/Other",NA,NA,NA,-2.5095,2.5437,2.65437293535842,1.01718045005188
"PRVE","NEON.PLA.D14.SRER.01732","SRER_042","SRER","D14",2016-11-21,"Live,  other damage","small tree",NA,130,2.4,3,"Prosopis velutina Woot.",7.3,269.2,"2016",NA,757,"woodland","Prosopis velutina Wooton","velvet mesquite","Fabaceae","tree","Prosopis","velutina",0.651,NA,-0.7152,1.7029,"Fabaceae/Juglandaceae/Other",NA,NA,NA,-2.5095,2.5437,3.17601372983968,1.32981532430303
"PRVE","NEON.PLA.D14.SRER.01001","SRER_049","SRER","D14",2016-11-10,"Standing dead","small tree",NA,130,1.9,1.6,"Prosopis velutina Woot.",12.1,46.6,"2016",NA,757,"woodland","Prosopis velutina Wooton","velvet mesquite","Fabaceae","tree","Prosopis","velutina",0.651,NA,-0.7152,1.7029,"Fabaceae/Juglandaceae/Other",NA,NA,NA,-2.5095,2.5437,1.08890127169731,0.26875589408878
"PRVE","NEON.PLA.D14.SRER.01204","SRER_050","SRER","D14",2016-11-14,"Standing dead","small tree",NA,130,1.7,1.5,"Prosopis velutina Woot.",NA,NA,"2016",NA,757,"woodland","Prosopis velutina Wooton","velvet mesquite","Fabaceae","tree","Prosopis","velutina",0.651,NA,-0.7152,1.7029,"Fabaceae/Juglandaceae/Other",NA,NA,NA,-2.5095,2.5437,0.975569898558352,0.228066413649985
"PRVE","NEON.PLA.D14.SRER.01001","SRER_049","SRER","D14",2016-11-10,"Live,  other damage","small tree",NA,130,1.9,1.1,"Prosopis velutina Woot.",12.1,46.6,"2016",NA,757,"woodland","Prosopis velutina Wooton","velvet mesquite","Fabaceae","tree","Prosopis","velutina",0.651,NA,-0.7152,1.7029,"Fabaceae/Juglandaceae/Other",NA,NA,NA,-2.5095,2.5437,0.575281211182373,0.10361641708583
"PRVE","NEON.PLA.D14.SRER.01204","SRER_050","SRER","D14",2016-11-14,"Standing dead","small tree",NA,130,1.7,2.4,"Prosopis velutina Woot.",NA,NA,"2016",NA,757,"woodland","Prosopis velutina Wooton","velvet mesquite","Fabaceae","tree","Prosopis","velutina",0.651,NA,-0.7152,1.7029,"Fabaceae/Juglandaceae/Other",NA,NA,NA,-2.5095,2.5437,2.17197243916354,0.753843740782541
"SEGR4","NEON.PLA.D14.SRER.00554","SRER_045","SRER","D14",2016-01-12,"Live","sapling","Mostly shaded",NA,0.8,NA,"Senegalia greggii (A. Gray) Britton & Rose",NA,NA,"2016",NA,NA,"mixed hardwood","Senegalia greggii (A. Gray) Britton & Rose","catclaw acacia","Fabaceae","tree",NA,NA,0.84,"hw3",-2.48,2.4835,NA,NA,NA,NA,NA,NA,NA,NA
"SEGR4","NEON.PLA.D14.SRER.00553","SRER_045","SRER","D14",2016-01-12,"Live","sapling","Partially shaded",NA,1.5,NA,"Senegalia greggii (A. Gray) Britton & Rose",1.7,64.5,"2016",NA,NA,"mixed hardwood","Senegalia greggii (A. Gray) Britton & Rose","catclaw acacia","Fabaceae","tree",NA,NA,0.84,"hw3",-2.48,2.4835,NA,NA,NA,NA,NA,NA,NA,NA
"SEGR4","NEON.PLA.D14.SRER.00503","SRER_042","SRER","D14",2016-01-11,"Live","sapling","Open grown",NA,1.2,NA,"Senegalia greggii (A. Gray) Britton & Rose",7.2,333,"2016",NA,NA,"mixed hardwood","Senegalia greggii (A. Gray) Britton & Rose","catclaw acacia","Fabaceae","tree",NA,NA,0.84,"hw3",-2.48,2.4835,NA,NA,NA,NA,NA,NA,NA,NA
"SEGR4","NEON.PLA.D14.SRER.00553","SRER_045","SRER","D14",2016-01-12,"Live","sapling","Partially shaded",NA,1.5,NA,"Senegalia greggii (A. Gray) Britton & Rose",1.7,64.5,"2016",NA,NA,"mixed hardwood","Senegalia greggii (A. Gray) Britton & Rose","catclaw acacia","Fabaceae","tree",NA,NA,0.84,"hw3",-2.48,2.4835,NA,NA,NA,NA,NA,NA,NA,NA
"SEGR4","NEON.PLA.D14.SRER.00969","SRER_055","SRER","D14",2016-01-14,"Standing dead","sapling","Partially shaded",NA,0.9,NA,"Senegalia greggii (A. Gray) Britton & Rose",NA,NA,"2016",NA,NA,"mixed hardwood","Senegalia greggii (A. Gray) Britton & Rose","catclaw acacia","Fabaceae","tree",NA,NA,0.84,"hw3",-2.48,2.4835,NA,NA,NA,NA,NA,NA,NA,NA
"SEGR4","NEON.PLA.D14.SRER.00969","SRER_055","SRER","D14",2016-01-14,"Standing dead","sapling","Partially shaded",NA,0.9,NA,"Senegalia greggii (A. Gray) Britton & Rose",NA,NA,"2016",NA,NA,"mixed hardwood","Senegalia greggii (A. Gray) Britton & Rose","catclaw acacia","Fabaceae","tree",NA,NA,0.84,"hw3",-2.48,2.4835,NA,NA,NA,NA,NA,NA,NA,NA
"SEGR4","NEON.PLA.D14.SRER.00971","SRER_055","SRER","D14",2016-01-14,"Standing dead","sapling","Partially shaded",NA,0.5,NA,"Senegalia greggii (A. Gray) Britton & Rose",NA,NA,"2016",NA,NA,"mixed hardwood","Senegalia greggii (A. Gray) Britton & Rose","catclaw acacia","Fabaceae","tree",NA,NA,0.84,"hw3",-2.48,2.4835,NA,NA,NA,NA,NA,NA,NA,NA
"SEGR4","NEON.PLA.D14.SRER.00968","SRER_055","SRER","D14",2016-01-14,"Standing dead","sapling","Partially shaded",NA,0.6,NA,"Senegalia greggii (A. Gray) Britton & Rose",4.4,21.2,"2016",NA,NA,"mixed hardwood","Senegalia greggii (A. Gray) Britton & Rose","catclaw acacia","Fabaceae","tree",NA,NA,0.84,"hw3",-2.48,2.4835,NA,NA,NA,NA,NA,NA,NA,NA
"SEGR4","NEON.PLA.D14.SRER.00968","SRER_055","SRER","D14",2016-01-14,"Standing dead","sapling","Partially shaded",NA,0.6,NA,"Senegalia greggii (A. Gray) Britton & Rose",4.4,21.2,"2016",NA,NA,"mixed hardwood","Senegalia greggii (A. Gray) Britton & Rose","catclaw acacia","Fabaceae","tree",NA,NA,0.84,"hw3",-2.48,2.4835,NA,NA,NA,NA,NA,NA,NA,NA
"SEGR4","NEON.PLA.D14.SRER.00971","SRER_055","SRER","D14",2016-01-14,"Standing dead","sapling","Partially shaded",NA,0.5,NA,"Senegalia greggii (A. Gray) Britton & Rose",NA,NA,"2016",NA,NA,"mixed hardwood","Senegalia greggii (A. Gray) Britton & Rose","catclaw acacia","Fabaceae","tree",NA,NA,0.84,"hw3",-2.48,2.4835,NA,NA,NA,NA,NA,NA,NA,NA
"SEGR4","NEON.PLA.D14.SRER.00503","SRER_042","SRER","D14",2016-01-11,"Live","sapling","Open grown",NA,1.2,NA,"Senegalia greggii (A. Gray) Britton & Rose",7.2,333,"2016",NA,NA,"mixed hardwood","Senegalia greggii (A. Gray) Britton & Rose","catclaw acacia","Fabaceae","tree",NA,NA,0.84,"hw3",-2.48,2.4835,NA,NA,NA,NA,NA,NA,NA,NA
"SEGR4","NEON.PLA.D14.SRER.00589","SRER_001","SRER","D14",2016-01-13,"Standing dead","sapling","Full sun",NA,0.3,NA,"Senegalia greggii (A. Gray) Britton & Rose",9.9,180.9,"2016",NA,NA,"mixed hardwood","Senegalia greggii (A. Gray) Britton & Rose","catclaw acacia","Fabaceae","tree",NA,NA,0.84,"hw3",-2.48,2.4835,NA,NA,NA,NA,NA,NA,NA,NA
"SEGR4","NEON.PLA.D14.SRER.00970","SRER_055","SRER","D14",2016-01-14,"Live","sapling","Partially shaded",NA,1,NA,"Senegalia greggii (A. Gray) Britton & Rose",NA,NA,"2016",NA,NA,"mixed hardwood","Senegalia greggii (A. Gray) Britton & Rose","catclaw acacia","Fabaceae","tree",NA,NA,0.84,"hw3",-2.48,2.4835,NA,NA,NA,NA,NA,NA,NA,NA
"SEGR4","NEON.PLA.D14.SRER.00970","SRER_055","SRER","D14",2016-01-14,"Live","sapling","Partially shaded",NA,1,NA,"Senegalia greggii (A. Gray) Britton & Rose",NA,NA,"2016",NA,NA,"mixed hardwood","Senegalia greggii (A. Gray) Britton & Rose","catclaw acacia","Fabaceae","tree",NA,NA,0.84,"hw3",-2.48,2.4835,NA,NA,NA,NA,NA,NA,NA,NA
"SEGR4","NEON.PLA.D14.SRER.00589","SRER_001","SRER","D14",2016-01-13,"Standing dead","sapling","Full sun",NA,0.3,NA,"Senegalia greggii (A. Gray) Britton & Rose",9.9,180.9,"2016",NA,NA,"mixed hardwood","Senegalia greggii (A. Gray) Britton & Rose","catclaw acacia","Fabaceae","tree",NA,NA,0.84,"hw3",-2.48,2.4835,NA,NA,NA,NA,NA,NA,NA,NA
"SEGR4","NEON.PLA.D14.SRER.00561","SRER_045","SRER","D14",2016-01-12,"Live","sapling","Partially shaded",NA,0.8,NA,"Senegalia greggii (A. Gray) Britton & Rose",NA,NA,"2016",NA,NA,"mixed hardwood","Senegalia greggii (A. Gray) Britton & Rose","catclaw acacia","Fabaceae","tree",NA,NA,0.84,"hw3",-2.48,2.4835,NA,NA,NA,NA,NA,NA,NA,NA
"SEGR4","NEON.PLA.D14.SRER.00561","SRER_045","SRER","D14",2016-01-12,"Live","sapling","Partially shaded",NA,0.8,NA,"Senegalia greggii (A. Gray) Britton & Rose",NA,NA,"2016",NA,NA,"mixed hardwood","Senegalia greggii (A. Gray) Britton & Rose","catclaw acacia","Fabaceae","tree",NA,NA,0.84,"hw3",-2.48,2.4835,NA,NA,NA,NA,NA,NA,NA,NA
"SEGR4","NEON.PLA.D14.SRER.00555","SRER_045","SRER","D14",2016-01-12,"Standing dead","sapling","Partially shaded",NA,1,NA,"Senegalia greggii (A. Gray) Britton & Rose",NA,NA,"2016",NA,NA,"mixed hardwood","Senegalia greggii (A. Gray) Britton & Rose","catclaw acacia","Fabaceae","tree",NA,NA,0.84,"hw3",-2.48,2.4835,NA,NA,NA,NA,NA,NA,NA,NA
"SEGR4","NEON.PLA.D14.SRER.00556","SRER_045","SRER","D14",2016-01-12,"Standing dead","sapling","Full shade",NA,0.7,NA,"Senegalia greggii (A. Gray) Britton & Rose",NA,NA,"2016",NA,NA,"mixed hardwood","Senegalia greggii (A. Gray) Britton & Rose","catclaw acacia","Fabaceae","tree",NA,NA,0.84,"hw3",-2.48,2.4835,NA,NA,NA,NA,NA,NA,NA,NA
"SEGR4","NEON.PLA.D14.SRER.00554","SRER_045","SRER","D14",2016-01-12,"Live","sapling","Mostly shaded",NA,0.8,NA,"Senegalia greggii (A. Gray) Britton & Rose",NA,NA,"2016",NA,NA,"mixed hardwood","Senegalia greggii (A. Gray) Britton & Rose","catclaw acacia","Fabaceae","tree",NA,NA,0.84,"hw3",-2.48,2.4835,NA,NA,NA,NA,NA,NA,NA,NA
"SEGR4","NEON.PLA.D14.SRER.00555","SRER_045","SRER","D14",2016-01-12,"Standing dead","sapling","Partially shaded",NA,1,NA,"Senegalia greggii (A. Gray) Britton & Rose",NA,NA,"2016",NA,NA,"mixed hardwood","Senegalia greggii (A. Gray) Britton & Rose","catclaw acacia","Fabaceae","tree",NA,NA,0.84,"hw3",-2.48,2.4835,NA,NA,NA,NA,NA,NA,NA,NA
"SEGR4","NEON.PLA.D14.SRER.00556","SRER_045","SRER","D14",2016-01-12,"Standing dead","sapling","Full shade",NA,0.7,NA,"Senegalia greggii (A. Gray) Britton & Rose",NA,NA,"2016",NA,NA,"mixed hardwood","Senegalia greggii (A. Gray) Britton & Rose","catclaw acacia","Fabaceae","tree",NA,NA,0.84,"hw3",-2.48,2.4835,NA,NA,NA,NA,NA,NA,NA,NA
"VACO9","NEON.PLA.D14.SRER.01670","SRER_055","SRER","D14",2016-11-15,"Live","small tree",NA,130,3.7,4.9,"Vachellia constricta (Benth.) Seigler & Ebinger",5,5.5,"2016",NA,NA,"mixed hardwood","Vachellia constricta (Benth.) Seigler & Ebinger","whitethorn acacia","Fabaceae","tree",NA,NA,0.84,"hw3",-2.48,2.4835,NA,NA,NA,NA,NA,NA,4.33562437892003,NA
"VACO9","NEON.PLA.D14.SRER.01670","SRER_055","SRER","D14",2016-11-15,"Live","small tree",NA,130,3.7,3.9,"Vachellia constricta (Benth.) Seigler & Ebinger",5,5.5,"2016",NA,NA,"mixed hardwood","Vachellia constricta (Benth.) Seigler & Ebinger","whitethorn acacia","Fabaceae","tree",NA,NA,0.84,"hw3",-2.48,2.4835,NA,NA,NA,NA,NA,NA,2.45956688076225,NA
"VACO9","NEON.PLA.D14.SRER.01670","SRER_055","SRER","D14",2016-11-15,"Live","small tree",NA,130,3.7,2.3,"Vachellia constricta (Benth.) Seigler & Ebinger",5,5.5,"2016",NA,NA,"mixed hardwood","Vachellia constricta (Benth.) Seigler & Ebinger","whitethorn acacia","Fabaceae","tree",NA,NA,0.84,"hw3",-2.48,2.4835,NA,NA,NA,NA,NA,NA,0.662675272935619,NA
"VACO9","NEON.PLA.D14.SRER.01670","SRER_055","SRER","D14",2016-11-15,"Live","small tree",NA,130,3.7,4.1,"Vachellia constricta (Benth.) Seigler & Ebinger",5,5.5,"2016",NA,NA,"mixed hardwood","Vachellia constricta (Benth.) Seigler & Ebinger","whitethorn acacia","Fabaceae","tree",NA,NA,0.84,"hw3",-2.48,2.4835,NA,NA,NA,NA,NA,NA,2.78482810349221,NA
"VACO9","NEON.PLA.D14.SRER.01670","SRER_055","SRER","D14",2016-11-15,"Live","small tree",NA,130,3.7,2.1,"Vachellia constricta (Benth.) Seigler & Ebinger",5,5.5,"2016",NA,NA,"mixed hardwood","Vachellia constricta (Benth.) Seigler & Ebinger","whitethorn acacia","Fabaceae","tree",NA,NA,0.84,"hw3",-2.48,2.4835,NA,NA,NA,NA,NA,NA,0.528665905963916,NA
"VACO9","NEON.PLA.D14.SRER.01670","SRER_055","SRER","D14",2016-11-15,"Live","small tree",NA,130,3.7,1.8,"Vachellia constricta (Benth.) Seigler & Ebinger",5,5.5,"2016",NA,NA,"mixed hardwood","Vachellia constricta (Benth.) Seigler & Ebinger","whitethorn acacia","Fabaceae","tree",NA,NA,0.84,"hw3",-2.48,2.4835,NA,NA,NA,NA,NA,NA,0.360511357566134,NA
"VACO9","NEON.PLA.D14.SRER.01670","SRER_055","SRER","D14",2016-11-15,"Live","small tree",NA,130,3.7,4.6,"Vachellia constricta (Benth.) Seigler & Ebinger",5,5.5,"2016",NA,NA,"mixed hardwood","Vachellia constricta (Benth.) Seigler & Ebinger","whitethorn acacia","Fabaceae","tree",NA,NA,0.84,"hw3",-2.48,2.4835,NA,NA,NA,NA,NA,NA,3.70602854322823,NA
"VACO9","NEON.PLA.D14.SRER.01670","SRER_055","SRER","D14",2016-11-15,"Live","small tree",NA,130,3.7,4.9,"Vachellia constricta (Benth.) Seigler & Ebinger",5,5.5,"2016",NA,NA,"mixed hardwood","Vachellia constricta (Benth.) Seigler & Ebinger","whitethorn acacia","Fabaceae","tree",NA,NA,0.84,"hw3",-2.48,2.4835,NA,NA,NA,NA,NA,NA,4.33562437892003,NA
"VACO9","NEON.PLA.D14.SRER.01670","SRER_055","SRER","D14",2016-11-15,"Live","small tree",NA,130,3.7,3.3,"Vachellia constricta (Benth.) Seigler & Ebinger",5,5.5,"2016",NA,NA,"mixed hardwood","Vachellia constricta (Benth.) Seigler & Ebinger","whitethorn acacia","Fabaceae","tree",NA,NA,0.84,"hw3",-2.48,2.4835,NA,NA,NA,NA,NA,NA,1.62434791220955,NA
