taxonID,Scientific.Name.with.Author,Common.Name,Family,jenkins_model,habit
ACKO,Acacia kauaiensis Hillebr.,,Acacia,woodland,tree
ANTH2,Anisacanthus thurberi (Torr.) A. Gray,Thurber's desert honeysuckle,Acanthaceae,,shrub
ACBA2,Acer barbatum Michx. p.p.,southern sugar maple,Aceraceae,soft maple/birch,tree
ACCI,Acer circinatum Pursh,vine maple,Aceraceae,soft maple/birch,tree
ACGL,Acer glabrum Torr.,Rocky Mountain maple,Aceraceae,soft maple/birch,tree
ACGLD4,Acer glabrum Torr. var. douglasii (Hook.) Dippel,Douglas maple,Aceraceae,soft maple/birch,tree
ACER,Acer L.,maple,Aceraceae,soft maple/birch,tree
ACMA3,Acer macrophyllum Pursh,bigleaf maple,Aceraceae,soft maple/birch,tree
ACNE2,Acer negundo L.,boxelder,Aceraceae,soft maple/birch,tree
ACNEN,Acer negundo L.,boxelder,Aceraceae,soft maple/birch,tree
ACPE,Acer pensylvanicum L.,striped maple,Aceraceae,soft maple/birch,tree
ACRU,Acer rubrum L.,red maple,Aceraceae,soft maple/birch,tree
ACRUR,Acer rubrum L. var. rubrum,red maple,Aceraceae,soft maple/birch,tree
ACSA2,Acer saccharinum L.,silver maple,Aceraceae,hard maple/oak/hickory/beech,tree
ACSAS,Acer saccharum ,sugar maple,Aceraceae,soft maple/birch,tree
ACSA3,Acer saccharum Marshall,sugar maple,Aceraceae,soft maple/birch,tree
ACSP2,Acer spicatum Lam.,mountain maple,Aceraceae,soft maple/birch,tree
ACERAC,aceraceae sp.,,Aceraceae,soft maple/birch,tree
YUEL,Yucca elata (Engelm.) Engelm.,soaptree yucca,Agavaceae,,
CENI,Celosia nitida Vahl,West Indian cock's comb,Amaranthaceae,,forb/herb
CODO,Comocladia dodonaea (L.) Urb.,poison ash,Anacardiaceae,,tree
MAIN3,Mangifera indica L.,mango,Anacardiaceae,,tree
PISTA,Pistacia L.,pistache,Anacardiaceae,,tree
RHAR4,Rhus aromatica Aiton,fragrant sumac,Anacardiaceae,,shrub
RHCO,Rhus copallinum L.,winged sumac,Anacardiaceae,,shrub/tree
RHGL,Rhus glabra L.,smooth sumac,Anacardiaceae,,shrub/tree
RHUS,Rhus L.,sumac,Anacardiaceae,,shrub/tree
RHTY,Rhus typhina L.,staghorn sumac,Anacardiaceae,,shrub/tree
TODI,Toxicodendron diversilobum (Torr. & A. Gray) Greene,Pacific poison oak,Anacardiaceae,,forb/herb
TORA2,Toxicodendron radicans (L.) Kuntze,eastern poison ivy,Anacardiaceae,,forb/herb
TOVE,Toxicodendron vernix (L.) Kuntze,poison sumac,Anacardiaceae,,shrub/tree
ASIMI,Asimina Adans.,pawpaw,Annonaceae,mixed hardwood,tree
ASAN6,Asimina angustifolia Raf.,slimleaf pawpaw,Annonaceae,mixed hardwood,tree
ASIN12,Asimina incana (W. Bartram) Exell,woolly pawpaw,Annonaceae,mixed hardwood,tree
ASPA18,Asimina parviflora (Michx.) Dunal,smallflower pawpaw,Annonaceae,mixed hardwood,tree
ASTR,Asimina triloba (L.) Dunal,pawpaw,Annonaceae,mixed hardwood,tree
PLAL,Plumeria alba L.,nosegaytree,Apocynaceae,mixed hardwood,tree
ILAN,Ilex anomala Hook. & Arn.,Hawai'i holly,Aquifoliaceae,mixed hardwood,tree
ILAQ80,Ilex aquifolium L.,English holly,Aquifoliaceae,mixed hardwood,tree
ILCA,Ilex cassine L.,dahoon,Aquifoliaceae,mixed hardwood,tree
ILCO,Ilex coriacea (Pursh) Chapm.,large gallberry,Aquifoliaceae,mixed hardwood,tree
ILDE,Ilex decidua Walter,possumhaw,Aquifoliaceae,mixed hardwood,tree
ILGL,Ilex glabra (L.) A. Gray,inkberry,Aquifoliaceae,mixed hardwood,tree
ILEX,Ilex L.,holly,Aquifoliaceae,mixed hardwood,tree
ILMO,Ilex montana Torr. & A. Gray ex A. Gray,mountain holly,Aquifoliaceae,mixed hardwood,tree
ILMU,"Ilex mucronata (L.) Powell, Savolainen & Andrews",catberry,Aquifoliaceae,mixed hardwood,tree
ILMY,Ilex myrtifolia Walter,myrtle dahoon,Aquifoliaceae,mixed hardwood,tree
ILOP,Ilex opaca Aiton,American holly,Aquifoliaceae,mixed hardwood,tree
ILVE,Ilex verticillata (L.) A. Gray,common winterberry,Aquifoliaceae,mixed hardwood,tree
ILVO,Ilex vomitoria Aiton,yaupon,Aquifoliaceae,mixed hardwood,tree
ARTR,Arisaema triphyllum (L.) Schott,Jack in the pulpit,Araceae,,forb/herb
ARSP2,Aralia spinosa L.,devil's walkingstick,Araliaceae,mixed hardwood,shrub/tree
CHTR2,Cheirodendron trigynum (Gaudich.) A. Heller,olapalapa,Araliaceae,woodland,tree
HEHE,Hedera helix L.,English ivy,Araliaceae,,vine
PAQU,Panax quinquefolius L.,American ginseng,Araliaceae,,forb/herb
BUTIA,Butia Becc.,jelly palm,Arecaceae,,palm
BUCA15,Butia capitata (Mart.) Becc.,South American jelly palm,Arecaceae,,palm
COBA3,Coccothrinax barbadensis (Lodd. ex Mart.) Becc.,Puerto Rico silver palm,Arecaceae,,palm
LEMO5,Leucothrinax morrisii (H. Wendl.) C.Lewis & Zona,Key thatch palm,Arecaceae,,palm
SAET,Sabal etonia Swingle ex Nash,scrub palmetto,Arecaceae,woodland,palm
SAMI8,Sabal minor (Jacq.) Pers.,dwarf palmetto,Arecaceae,woodland,palm
SERE2,Serenoa repens (W. Bartram) Small,saw palmetto,Arecaceae,woodland,palm
ASIN,Asclepias incarnata L.,swamp milkweed,Asclepiadaceae,,forb/herb
ARFI2,Artemisia filifolia Torr.,sand sagebrush,Asteraceae,,shrub
ARNO4,Artemisia nova A. Nelson,black sagebrush,Asteraceae,,shrub
ARTR2,Artemisia tridentata Nutt.,big sagebrush,Asteraceae,,shrub
ARTRT2,Artemisia tripartita Rydb. ssp. tripartita,threetip sagebrush,Asteraceae,,shrub
BABR,Baccharis brachyphylla A. Gray,shortleaf baccharis,Asteraceae,,shrub
CAOD3,Carphephorus odoratissimus (J.F. Gmel.) Herb.,vanillaleaf,Asteraceae,,forb/herb
CHSI,Chromolaena sinuata (Lam.) R.M. King & H. Rob.,wavyleaf thoroughwort,Asteraceae,,forb/herb
CHVI8,Chrysothamnus viscidiflorus (Hook.) Nutt.,yellow rabbitbrush,Asteraceae,,forb/herb
DUSC,Dubautia scabra (DC.) D.D. Keck,rough dubautia,Asteraceae,,forb/herb
ENFA,Encelia farinosa A. Gray ex Torr.,brittlebush,Asteraceae,,forb/herb
ENFR,Encelia frutescens (A. Gray) A. Gray,button brittlebush,Asteraceae,,forb/herb
ERLA12,Ericameria laricifolia (A. Gray) Shinners,turpentine bush,Asteraceae,,forb/herb
ERNAN5,Ericameria nauseosa (Pall. ex Pursh) G.L. Nesom & Baird ssp. nauseosa var. nauseosa,rubber rabbitbrush,Asteraceae,,forb/herb
GUMI,Gutierrezia microcephala (DC.) A. Gray,threadleaf snakeweed,Asteraceae,,forb/herb
GUSA2,Gutierrezia sarothrae (Pursh) Britton & Rusby,broom snakeweed,Asteraceae,,forb/herb
ISTE2,Isocoma tenuisecta Greene,burroweed,Asteraceae,,forb/herb
LAGR,Lactuca graminifolia Michx.,grassleaf lettuce,Asteraceae,,forb/herb
PAIN2,Parthenium incanum Kunth,mariola,Asteraceae,,forb/herb
PRENA,Prenanthes L.,rattlesnakeroot,Asteraceae,,forb/herb
PRSE,Prenanthes serpentaria Pursh,cankerweed,Asteraceae,,forb/herb
SEFL3,Senecio flaccidus Less.,threadleaf ragwort,Asteraceae,,forb/herb
TECA2,Tetradymia canescens DC.,spineless horsebrush,Asteraceae,,forb/herb
TETRA3,Tetradymia DC.,horsebrush,Asteraceae,,forb/herb
TEGL,Tetradymia glabrata Torr. & A. Gray,littleleaf horsebrush,Asteraceae,,forb/herb
VEAR2,Verbesina aristata (Elliott) A. Heller,coastal plain crownbeard,Asteraceae,,forb/herb
WEFR,Wedelia fruticosa Jacq.,coastal plain creepingoxeye,Asteraceae,,forb/herb
ZIAC,Zinnia acerosa (DC.) A. Gray,desert zinnia,Asteraceae,,forb/herb
BETH,Berberis thunbergii DC.,Japanese barberry,Berberidaceae,,shrub
MANE2,Mahonia nervosa (Pursh) Nutt.,Cascade barberry,Berberidaceae,,shrub
ALINT,Alnus incana,thinleaf alder,Betulaceae,aspen/alder/cottonwood/willow,tree
ALIN2,Alnus incana (L.) Moench ,gray alder,Betulaceae,aspen/alder/cottonwood/willow,tree
ALINR,Alnus incana (L.) Moench ssp. rugosa (Du Roi) R.T. Clausen,speckled alder,Betulaceae,aspen/alder/cottonwood/willow,tree
ALRU2,Alnus rubra Bong.,red alder,Betulaceae,aspen/alder/cottonwood/willow,tree
ALVI5,Alnus viridis,green alder,Betulaceae,aspen/alder/cottonwood/willow,tree
BECAC,Betula Ã—caerulea Blanch. var. caerulea,blue birch,Betulaceae,soft maple/birch,tree
BEAL2,Betula alleghaniensis Britton,yellow birch,Betulaceae,soft maple/birch,tree
BEGL,Betula glandulosa Michx.,resin birch,Betulaceae,soft maple/birch,tree
BETUL,Betula L.,birch,Betulaceae,soft maple/birch,tree
BELE,Betula lenta L.,sweet birch,Betulaceae,soft maple/birch,tree
BENE4,Betula neoalaskana Sarg.,resin birch,Betulaceae,soft maple/birch,tree
BENI,Betula nigra L.,river birch,Betulaceae,soft maple/birch,tree
BEOC2,Betula occidentalis Hook.,water birch,Betulaceae,soft maple/birch,tree
BEPA,Betula papyrifera Marshall,paper birch,Betulaceae,soft maple/birch,tree
BEPAC2,Betula papyrifera Marshall var. cordifolia (Regel) Fernald,mountain paper birch,Betulaceae,soft maple/birch,tree
BEPAP,Betula papyrifera Marshall var. papyrifera,paper birch,Betulaceae,soft maple/birch,tree
BEPO,Betula populifolia Marshall,gray birch,Betulaceae,soft maple/birch,tree
BEPU4,Betula pumila L.,bog birch,Betulaceae,soft maple/birch,tree
CACA18,Carpinus caroliniana Walter,American hornbeam,Betulaceae,mixed hardwood,tree
CACAV,Carpinus caroliniana Walter ssp. virginiana (Marshall) Furlow,American hornbeam,Betulaceae,mixed hardwood,tree
COAM3,Corylus americana Walter,American hazelnut,Betulaceae,woodland,tree
COCO6,Corylus cornuta Marshall,beaked hazelnut,Betulaceae,woodland,tree
COCOC,Corylus cornuta Marshall var. californica (A. DC.) Sharp,California hazelnut,Betulaceae,woodland,tree
COCOC2,Corylus cornuta Marshall var. cornuta,beaked hazelnut,Betulaceae,woodland,tree
OSVI,Ostrya virginiana (Mill.) K. Koch,hophornbeam,Betulaceae,mixed hardwood,tree
BICA,Bignonia capreolata L.,crossvine,Bignoniaceae,,vine
BIGNO,Bignonia L.,bignonia,Bignoniaceae,,vine
CARA2,Campsis radicans (L.) Seem. ex Bureau,trumpet creeper,Bignoniaceae,,vine
DILA10,Distictis lactiflora (Vahl) DC.,liana fragante,Bignoniaceae,,vine
MAUN3,Macfadyena unguis-cati (L.) A.H. Gentry,catclawvine,Bignoniaceae,,vine
TAHE,Tabebuia heterophylla (DC.) Britton,white cedar,Bignoniaceae,woodland,shrub/tree
SACY3,Sadleria cyatheoides Kaulf.,amaumau fern,Blechnaceae,,shrub
SADLE,Sadleria Kaulf.,sadleria,Blechnaceae,,shrub
SAPA11,Sadleria pallida Hook. & Arn.,ama'u,Blechnaceae,,shrub
SASO2,Sadleria souleyetiana (Gaudich.) T. Moore,longleaf plume fern,Blechnaceae,,shrub
BOURR,Bourreria P. Br.,strongbark,Boraginaceae,woodland,shrub/tree
BOSU2,Bourreria succulenta Jacq.,bodywood,Boraginaceae,woodland,shrub/tree
COCO5,Cordia collococca L.,red manjack,Boraginaceae,woodland,shrub/tree
HAVI2,Hackelia virginiana (L.) I.M. Johnst.,beggarslice,Boraginaceae,woodland,shrub/tree
ROAC2,Rochefortia acanthophora (DC.) Griseb.,greenheart ebony,Boraginaceae,woodland,shrub/tree
TOVO,Tournefortia volubilis L.,twining soldierbush,Boraginaceae,woodland,shrub/tree
BUSI,Bursera simaruba (L.) Sarg.,gumbo limbo,Burseraceae,,shrub
BUMI6,Buxbaumia minakatae Okam.,buxbaumia moss,Buxbaumiaceae,,nonvascular
CACA,Cabomba caroliniana A. Gray,Carolina fanwort,Cabombaceae,,forb/herb
CAGI10,Carnegiea gigantea (Engelm.) Britton & Rose,saguaro,Cactaceae,,cactus
COROR,Coryphantha robustispina (Schott ex Engelm.) Britton & Rose ssp. robustispina,long-tubercle beehive cactus,Cactaceae,,cactus
COROS,Coryphantha robustispina (Schott ex Engelm.) Britton & Rose ssp. scheeri (Muehlenpf.) N.P. Taylor,Scheer's beehive cactus,Cactaceae,,cactus
CYLIN2,Cylindropuntia (Engelm.) Kreuzinger,cholla,Cactaceae,,cactus
CYFU10,Cylindropuntia fulgida (Engelm.) F.M. Knuth,jumping cholla,Cactaceae,,cactus
CYIM2,Cylindropuntia imbricata (Haw.) F.M. Knuth,tree cholla,Cactaceae,,cactus
CYLE8,Cylindropuntia leptocaulis (DC.) F.M. Knuth,Christmas cactus,Cactaceae,,cactus
CYSP8,Cylindropuntia spinosior (Engelm.) F.M. Knuth,walkingstick cactus,Cactaceae,,cactus
ECFA,Echinocereus fasciculatus (Engelm. ex B.D. Jacks.) L.D. Benson,pinkflower hedgehog cactus,Cactaceae,,cactus
ECFE,Echinocereus fendleri (Engelm.) Sencke ex J.N. Haage,pinkflower hedgehog cactus,Cactaceae,,cactus
FEWI,Ferocactus wislizeni (Engelm.) Britton & Rose,candy barrelcactus,Cactaceae,,cactus
HYTR2,Hylocereus trigonus (Haw.) Saff.,strawberry-pear,Cactaceae,,cactus
HYUN3,Hylocereus undatus (Haw.) Britton & Rose,nightblooming cactus,Cactaceae,,cactus
LEQU,Leptocereus quadricostatus (Bello) Britton & Rose,pitahaya,Cactaceae,,cactus
MAGR9,Mammillaria grahamii Engelm.,Graham's nipple cactus,Cactaceae,,cactus
OPEN3,Opuntia engelmannii Salm-Dyck ex Engelm.,cactus apple,Cactaceae,,cactus
OPMA8,Opuntia macrocentra Engelm.,purple pricklypear,Cactaceae,,cactus
OPUNT,Opuntia Mill.,pricklypear,Cactaceae,,cactus
OPPH,Opuntia phaeacantha Engelm.,tulip pricklypear,Cactaceae,,cactus
PEGR3,Peniocereus greggii (Engelm.) Britton & Rose,nightblooming cereus,Cactaceae,,cactus
PIRO6,Pilosocereus royenii (L.) Byles & Rowley,Royen's tree cactus,Cactaceae,,cactus
CAFL22,Calycanthus floridus L.,eastern sweetshrub,Calycanthaceae,,shrub
CLERM,Clermontia Gaudich.,clermontia,Campanulaceae,woodland,shrub/tree
CLMO5,Clermontia montis-loa Rock,Mauna Loa clermontia,Campanulaceae,woodland,shrub/tree
CAWI,Canella winterana (L.) Gaertn.,wild cinnamon,Canellaceae,,shrub
CACY,Capparis cynophallophora L.,Jamaican caper,Capparaceae,,shrub
CAFL2,Capparis flexuosa (L.) L.,falseteeth,Capparaceae,,shrub
CAHA9,Capparis hastata Jacq.,broadleaf caper,Capparaceae,,shrub
CAIN5,Capparis indica (L.) Druce,linguam,Capparaceae,,shrub
LOCA7,Lonicera canadensis W. Bartram ex Marshall,American fly honeysuckle,Caprifoliaceae,,shrub
LOIN4,Lonicera interrupta Benth.,chaparral honeysuckle,Caprifoliaceae,,shrub
LOJA,Lonicera japonica Thunb.,Japanese honeysuckle,Caprifoliaceae,,shrub
LONIC,Lonicera L.,honeysuckle,Caprifoliaceae,,shrub
LOMA6,Lonicera maackii (Rupr.) Herder,Amur honeysuckle,Caprifoliaceae,,shrub
LOMO2,Lonicera morrowii A. Gray,Morrow's honeysuckle,Caprifoliaceae,,shrub
SAMBU,Sambucus L.,elderberry,Caprifoliaceae,,shrub
SANI4,Sambucus nigra L.,black elderberry,Caprifoliaceae,,shrub
SANIC4,Sambucus nigra L. ssp. canadensis (L.) R. Bolli,American black elderberry,Caprifoliaceae,,shrub
SANIC5,Sambucus nigra L. ssp. cerulea (Raf.) R. Bolli,blue elderberry,Caprifoliaceae,,shrub
SARA2,Sambucus racemosa L.,red elderberry,Caprifoliaceae,,shrub
SYAL,Symphoricarpos albus (L.) S.F. Blake,common snowberry,Caprifoliaceae,,shrub
SYOC,Symphoricarpos occidentalis Hook.,western snowberry,Caprifoliaceae,,shrub
SYOR,Symphoricarpos orbiculatus Moench,coralberry,Caprifoliaceae,,shrub
VIAC,Viburnum acerifolium L.,mapleleaf viburnum,Caprifoliaceae,,shrub
VIBUR,Viburnum L.,viburnum,Caprifoliaceae,,shrub
VILA,Viburnum lantana L.,wayfaringtree,Caprifoliaceae,,shrub
VILA11,Viburnum lantanoides Michx.,hobblebush,Caprifoliaceae,,shrub
VINU,Viburnum nudum L.,possumhaw,Caprifoliaceae,,shrub
VINUC,Viburnum nudum L. var. cassinoides (L.) Torr. & A. Gray,withe-rod,Caprifoliaceae,,shrub
VIPR,Viburnum prunifolium L.,blackhaw,Caprifoliaceae,,shrub
VIRU,Viburnum rufidulum Raf.,rusty blackhaw,Caprifoliaceae,,shrub
CAXY,Cassine xylocarpa Vent.,marbletree,Celastraceae,,shrub
CEOR7,Celastrus orbiculatus Thunb.,Oriental bittersweet,Celastraceae,,vine
CROSS,Crossopetalum P. Br.,crossopetalum,Celastraceae,,shrub
CRRH,Crossopetalum rhacoma Crantz,maidenberry,Celastraceae,,shrub
EUAM9,Euonymus americanus L.,bursting-heart,Celastraceae,,shrub
EUAT5,Euonymus atropurpureus Jacq.,burningbush,Celastraceae,,shrub
EUFO5,Euonymus fortunei (Turcz.) Hand.-Maz.,winter creeper,Celastraceae,,shrub
MAPO5,Maytenus ponceana Britton,ponce mayten,Celastraceae,,shrub
PESA3,Perrottetia sandwicensis A. Gray,olomea,Celastraceae,,shrub
SCFR,Schaefferia frutescens Jacq.,Florida boxwood,Celastraceae,,shrub
ATCA2,Atriplex canescens (Pursh) Nutt.,fourwing saltbush,Chenopodiaceae,,shrub
ATCO,Atriplex confertifolia (Torr. & FrÃ©m.) S. Watson,shadscale saltbush,Chenopodiaceae,,shrub
KRLA2,Krascheninnikovia lanata (Pursh) A. Meeuse & Smit,winterfat,Chenopodiaceae,,shrub
SAVE4,Sarcobatus vermiculatus (Hook.) Torr.,greasewood,Chenopodiaceae,,shrub
CLAC3,Clethra acuminata Michx.,mountain sweetpepperbush,Clethraceae,,shrub
CLETH,Clethra L.,sweetpepperbush,Clethraceae,,shrub
HYBR3,Hypericum brachyphyllum (Spach) Steud.,coastal plain St. Johnswort,Clusiaceae,,shrub
BUBU,Bucida buceras L.,gregorywood,Combretaceae,woodland,tree
IPST2,Ipomoea steudelii Millsp.,Steudel's morning-glory,Convolvulaceae,,vine
JACQU,Jacquemontia Choisy,clustervine,Convolvulaceae,,vine
JACU3,Jacquemontia cumanensis (Kunth) Kuntze,thicket clustervine,Convolvulaceae,,vine
COAL2,Cornus alternifolia L. f.,alternateleaf dogwood,Cornaceae,mixed hardwood,tree
COAM2,Cornus amomum Mill.,silky dogwood,Cornaceae,mixed hardwood,tree
CODR,Cornus drummondii C.A. Mey.,roughleaf dogwood,Cornaceae,mixed hardwood,tree
COFL2,Cornus florida L.,flowering dogwood,Cornaceae,mixed hardwood,tree
COFO,Cornus foemina Mill.,stiff dogwood,Cornaceae,mixed hardwood,tree
CORNU,Cornus L.,dogwood,Cornaceae,mixed hardwood,tree
CONU4,Cornus nuttallii Audubon ex Torr. & A. Gray,Pacific dogwood,Cornaceae,mixed hardwood,tree
COSE16,Cornus sericea L.,redosier dogwood,Cornaceae,mixed hardwood,tree
NYAQ2,Nyssa aquatica L.,water tupelo,Cornaceae,mixed hardwood,tree
NYBI,Nyssa biflora Walter,swamp tupelo,Cornaceae,mixed hardwood,tree
NYSSA,Nyssa L.,tupelo,Cornaceae,mixed hardwood,tree
NYSY,Nyssa sylvatica Marshall,blackgum,Cornaceae,mixed hardwood,tree
CADE27,Calocedrus decurrens (Torr.) Florin,incense cedar,Cupressaceae,cedar/larch,tree
JUCO6,Juniperus communis L.,common juniper,Cupressaceae,cedar/larch,tree
JUCOD,Juniperus communis L. var. depressa Pursh,common juniper,Cupressaceae,cedar/larch,tree
JUOS,Juniperus osteosperma (Torr.) Little,Utah juniper,Cupressaceae,cedar/larch,tree
JUSC2,Juniperus scopulorum Sarg.,Rocky Mountain juniper,Cupressaceae,cedar/larch,tree
JUVI,Juniperus virginiana L.,eastern redcedar,Cupressaceae,cedar/larch,tree
JUVIV,Juniperus virginiana L. var. virginiana,eastern redcedar,Cupressaceae,cedar/larch,tree
TADI2,Taxodium distichum (L.) Rich.,bald cypress,Cupressaceae,cedar/larch,tree
THOC2,Thuja occidentalis L.,arborvitae,Cupressaceae,cedar/larch,tree
THPL,Thuja plicata Donn ex D. Don,western redcedar,Cupressaceae,cedar/larch,tree
CADE8,Carex densa (L.H. Bailey) L.H. Bailey,dense sedge,Cyperaceae,,shrub
CIGL,Cibotium glaucum (Sm.) Hook. & Arn.,hapu'u,Dicksoniaceae,,tree fern
CIBOT,Cibotium Kaulf.,manfern,Dicksoniaceae,,tree fern
CIME8,Cibotium menziesii Hook.,hapu'u li,Dicksoniaceae,,tree fern
DIOSP,Diospyros L.,diospyros,Ebenaceae,mixed hardwood,tree
DIVI5,Diospyros virginiana L.,common persimmon,Ebenaceae,mixed hardwood,tree
ELAN,Elaeagnus angustifolia L.,Russian olive,Elaeagnaceae,woodland,shrub/tree
ELCO,Elaeagnus commutata Bernh. ex Rydb.,silverberry,Elaeagnaceae,woodland,shrub/tree
ELUM,Elaeagnus umbellata Thunb.,autumn olive,Elaeagnaceae,woodland,shrub/tree
SHAR,Shepherdia argentea (Pursh) Nutt.,silver buffaloberry,Elaeagnaceae,,shrub
SHCA,Shepherdia canadensis (L.) Nutt.,russet buffaloberry,Elaeagnaceae,,shrub
CEER3,Ceratiola ericoides Michx.,sand heath,Empetraceae,,shrub
STTA,Styphelia tameiameiae (Cham. & Schltdl.) F. Muell.,pukiawe,Epacridaceae,,shrub
EPTR,Ephedra trifurca Torr. ex S. Watson,longleaf jointfir,Ephedraceae,,tree
EPVI,Ephedra viridis Coville,mormon tea,Ephedraceae,,tree
ARCO3,Arctostaphylos columbiana Piper,hairy manzanita,Ericaceae,woodland,shrub/tree
ARNE,Arctostaphylos nevadensis A. Gray,pinemat manzanita,Ericaceae,woodland,shrub/tree
ARPA6,Arctostaphylos patula Greene,greenleaf manzanita,Ericaceae,woodland,shrub/tree
ARVIM,Arctostaphylos viscida Parry ssp. mariposa (Dudley) P.V. Wells,Mariposa manzanita,Ericaceae,woodland,shrub/tree
BERA3,Bejaria racemosa Vent.,flyweed,Ericaceae,,shrub
GASH,Gaultheria shallon Pursh,salal,Ericaceae,woodland,shrub/tree
GABA,Gaylussacia baccata (Wangenh.) K. Koch,black huckleberry,Ericaceae,woodland,shrub/tree
GADU,Gaylussacia dumosa (Andrews) Torr. & A. Gray,dwarf huckleberry,Ericaceae,woodland,shrub/tree
GAFR2,Gaylussacia frondosa (L.) Torr. & A. Gray ex Torr.,blue huckleberry,Ericaceae,woodland,shrub/tree
GAUR,Gaylussacia ursina (M.A. Curtis) Torr. & A. Gray ex A. Gray,bear huckleberry,Ericaceae,woodland,shrub/tree
KALMI,Kalmia L.,laurel,Ericaceae,woodland,shrub/tree
KALA,Kalmia latifolia L.,mountain laurel,Ericaceae,woodland,shrub/tree
LEGR,Ledum groenlandicum Oeder,bog Labrador tea,Ericaceae,,shrub
LEPA11,Ledum palustre L.,marsh Labrador tea,Ericaceae,,shrub
LYFE,Lyonia ferruginea (Walter) Nutt.,rusty staggerbush,Ericaceae,,shrub
LYLI,Lyonia ligustrina (L.) DC.,maleberry,Ericaceae,,shrub
LYLIL,Lyonia ligustrina (L.) DC. var. ligustrina,maleberry,Ericaceae,,shrub
LYLU3,Lyonia lucida (Lam.) K. Koch,fetterbush lyonia,Ericaceae,,shrub
LYONI,Lyonia Nutt.,staggerbush,Ericaceae,,shrub
MEFE,Menziesia ferruginea Sm.,rusty menziesia,Ericaceae,woodland,shrub/tree
OXAR,Oxydendrum arboreum (L.) DC.,sourwood,Ericaceae,mixed hardwood,tree
RHCA4,Rhododendron calendulaceum (Michx.) Torr.,flame azalea,Ericaceae,woodland,shrub/tree
RHCA7,Rhododendron canescens (Michx.) Sweet,mountain azalea,Ericaceae,woodland,shrub/tree
RHODO,Rhododendron L.,rhododendron,Ericaceae,woodland,shrub/tree
RHMA4,Rhododendron maximum L.,great laurel,Ericaceae,woodland,shrub/tree
RHPE4,Rhododendron periclymenoides (Michx.) Shinners,pink azalea,Ericaceae,,shrub
VAAR,Vaccinium arboreum Marshall,farkleberry,Ericaceae,,shrub
VACA8,Vaccinium calycinum Sm.,ohelo kau la'au,Ericaceae,,shrub
VACO,Vaccinium corymbosum L.,highbush blueberry,Ericaceae,,shrub
VAEL,Vaccinium elliottii Chapm.,Elliott's blueberry,Ericaceae,,shrub
VAFU,Vaccinium fuscatum Aiton,black highbush blueberry,Ericaceae,,shrub
VACCI,Vaccinium L.,blueberry,Ericaceae,,shrub
VAME,Vaccinium membranaceum Douglas ex Torr.,thinleaf huckleberry,Ericaceae,,shrub
VAMY3,Vaccinium myrsinites Lam.,shiny blueberry,Ericaceae,,shrub
VAMY,Vaccinium myrtilloides Michx.,velvetleaf huckleberry,Ericaceae,,shrub
VAOV,Vaccinium ovalifolium Sm.,oval-leaf blueberry,Ericaceae,,shrub
VAPA4,Vaccinium pallidum Aiton,Blue Ridge blueberry,Ericaceae,,shrub
VAPA,Vaccinium parvifolium Sm.,red huckleberry,Ericaceae,,shrub
VARE,Vaccinium reticulatum Sm.,ohelo 'ai,Ericaceae,,shrub
VAST,Vaccinium stamineum L.,deerberry,Ericaceae,,shrub
VAUL,Vaccinium uliginosum L.,bog blueberry,Ericaceae,,shrub
VAVI2,Vaccinium virgatum Aiton,smallflower blueberry,Ericaceae,,shrub
ERAR17,Erythroxylum areolatum L.,swamp-redwood,Erythroxylaceae,woodland,shrub/tree
ERBR11,Erythroxylum brevipes DC.,brisselet,Erythroxylaceae,woodland,shrub/tree
ERRO3,Erythroxylum rotundifolium Lunan,ratwood,Erythroxylaceae,woodland,shrub/tree
ADRI,Adelia ricinella L.,wild lime,Euphorbiaceae,,shrub
ARFA,Argythamnia fasciculata (Vahl ex A. Juss.) MÃ¼ll. Arg.,broom silverbush,Euphorbiaceae,,shrub
BEDI2,Bernardia dichotoma (Willd.) MÃ¼ll. Arg.,Caribbean myrtlecroton,Euphorbiaceae,,shrub
CRBE4,Croton betulinus Vahl,beechleaf croton,Euphorbiaceae,,shrub
CRDI8,Croton discolor Willd.,lechecillo,Euphorbiaceae,,shrub
CRFL23,Croton flavens L.,yellow balsam,Euphorbiaceae,,shrub
CROTO,Croton L.,croton,Euphorbiaceae,,shrub
CRLU2,Croton lucidus L.,firebush,Euphorbiaceae,,shrub
DIFR6,Ditrysinia fruticosa (W. Bartram) Govaerts & Frodin,Gulf Sebastian-bush,Euphorbiaceae,,shrub
GYLU,Gymnanthes lucida Sw.,oysterwood,Euphorbiaceae,,shrub/tree
PHEP,Phyllanthus epiphyllanthus L.,swordbush,Euphorbiaceae,,shrub
SASE6,Savia sessiliflora (Sw.) Willd.,amansa guapo,Euphorbiaceae,,shrub
TRSE6,Triadica sebifera (L.) Small,Chinese tallow,Euphorbiaceae,,shrub
AMFR,Amorpha fruticosa,false indigo bush,Fabaceae,,shrub
ANIN,Andira inermis (W. Wright) Kunth ex DC.,cabbagebark tree,Fabaceae,,shrub
CECA4,Cercis canadensis L.,eastern redbud,Fabaceae,mixed hardwood,tree
CECAC,Cercis canadensis L. var. canadensis,eastern redbud,Fabaceae,mixed hardwood,tree
CLKE,Cladrastis kentukea (Dum. Cours.) Rudd,Kentucky yellowwood,Fabaceae,hard maple/oak/hickory/beech,tree
CLTE3,Clitoria ternatea L.,Asian pigeonwings,Fabaceae,woodland,tree
GAST2,Galactia striata (Jacq.) Urb.,Florida hammock milkpea,Fabaceae,woodland,tree
GLTR,Gleditsia triacanthos L.,honeylocust,Fabaceae,mixed hardwood,tree
GYDI,Gymnocladus dioicus (L.) K. Koch,Kentucky coffeetree,Fabaceae,mixed hardwood,tree
HACA2,Haematoxylum campechianum L.,bloodwoodtree,Fabaceae,woodland,tree
LEBI2,Lespedeza bicolor Turcz.,shrub lespedeza,Fabaceae,woodland,tree
LEHI2,Lespedeza hirta (L.) Hornem.,hairy lespedeza,Fabaceae,woodland,tree
LELE10,Leucaena leucocephala (Lam.) de Wit,white leadtree,Fabaceae,woodland,tree
LUAL4,Lupinus albifrons Benth.,silver lupine,Fabaceae,woodland,tree
PAFL6,Parkinsonia florida (Benth. ex A. Gray) S. Watson,blue paloverde,Fabaceae,woodland,tree
PIAC,Pictetia aculeata (Vahl) Urb.,fustic,Fabaceae,woodland,tree
PIDU,Pithecellobium dulce (Roxb.) Benth.,monkeypod,Fabaceae,woodland,tree
PIUN,Pithecellobium unguis-cati (L.) Benth.,catclaw blackbead,Fabaceae,woodland,tree
POFL20,Poitea florida (Vahl) Lavin,wattapama,Fabaceae,woodland,tree
POPA34,Poitea paucifolia (DC.) Lavin,retama,Fabaceae,woodland,tree
PRGL2,Prosopis glandulosa Torr.,honey mesquite,Fabaceae,woodland,tree
PRJU3,Prosopis juliflora (Sw.) DC.,mesquite,Fabaceae,woodland,tree
PRVE,Prosopis velutina Wooton,velvet mesquite,Fabaceae,woodland,tree
ROPS,Robinia pseudoacacia L.,black locust,Fabaceae,mixed hardwood,tree
SEGR4,Senegalia greggii (A. Gray) Britton & Rose,catclaw acacia,Fabaceae,mixed hardwood,tree
SESI3,Senna siamea (Lam.) Irwin & Barneby,Siamese cassia,Fabaceae,mixed hardwood,tree
VACO9,Vachellia constricta (Benth.) Seigler & Ebinger,whitethorn acacia,Fabaceae,mixed hardwood,tree
WISTE,Wisteria Nutt.,wisteria,Fabaceae,woodland,tree
ZAPO2,Zapoteca portoricensis (Jacq.) H.M. Hern.,white stickpea,Fabaceae,woodland,tree
CADE12,Castanea dentata (Marshall) Borkh.,American chestnut,Fagaceae,hard maple/oak/hickory/beech,tree
CASTA,Castanea Mill.,chestnut,Fagaceae,hard maple/oak/hickory/beech,tree
CHSE11,Chrysolepis sempervirens (Kellogg) Hjelmqvist,bush chinquapin,Fagaceae,hard maple/oak/hickory/beech,tree
FAGR,Fagus grandifolia Ehrh.,American beech,Fagaceae,hard maple/oak/hickory/beech,tree
FAGUS,Fagus L.,beech,Fagaceae,hard maple/oak/hickory/beech,tree
QUNE,Quercus ×neopalmeri Sudw. ex Palmer,hybrid oak,Fagaceae,hard maple/oak/hickory/beech,tree
QUPA,Quercus ×palaeolithicola Trel.,hybrid oak,Fagaceae,woodland,tree
QUHE,Quercus Ã—heterophylla Michx. f. (pro sp.),Bartram oak,Fagaceae,hard maple/oak/hickory/beech,tree
QUAL,Quercus alba L.,white oak,Fagaceae,hard maple/oak/hickory/beech,tree
QUBI,Quercus bicolor Willd.,swamp white oak,Fagaceae,hard maple/oak/hickory/beech,tree
QUCH,Quercus chapmanii Sarg.,Chapman oak,Fagaceae,hard maple/oak/hickory/beech,tree
QUCH2,Quercus chrysolepis Liebm.,canyon live oak,Fagaceae,hard maple/oak/hickory/beech,tree
QUCO2,Quercus coccinea Münchh.,scarlet oak,Fagaceae,hard maple/oak/hickory/beech,tree
QUDO,Quercus douglasii Hook. & Arn.,blue oak,Fagaceae,hard maple/oak/hickory/beech,tree
QUEL,Quercus ellipsoidalis E.J. Hill,northern pin oak,Fagaceae,hard maple/oak/hickory/beech,tree
QUFA,Quercus falcata Michx.,southern red oak,Fagaceae,hard maple/oak/hickory/beech,tree
QUFU,Quercus fusiformis Small,Texas live oak,Fagaceae,hard maple/oak/hickory/beech,tree
QUGE2,Quercus geminata Small,sand live oak,Fagaceae,hard maple/oak/hickory/beech,tree
QUHE2,Quercus hemisphaerica W. Bartram ex Willd.,Darlington oak,Fagaceae,hard maple/oak/hickory/beech,tree
QUIN,Quercus incana W. Bartram,bluejack oak,Fagaceae,hard maple/oak/hickory/beech,tree
QUIN7,Quercus inopina Ashe,sandhill oak,Fagaceae,hard maple/oak/hickory/beech,tree
QUKE,Quercus kelloggii Newberry,California black oak,Fagaceae,hard maple/oak/hickory/beech,tree
QUERC,Quercus L.,oak,Fagaceae,hard maple/oak/hickory/beech,tree
QULA,Quercus laceyi Small,Lacey oak,Fagaceae,hard maple/oak/hickory/beech,tree
QULA2,Quercus laevis Walter,turkey oak,Fagaceae,hard maple/oak/hickory/beech,tree
QULA3,Quercus laurifolia Michx.,laurel oak,Fagaceae,hard maple/oak/hickory/beech,tree
QULY,Quercus lyrata Walter,overcup oak,Fagaceae,hard maple/oak/hickory/beech,tree
QUMA2,Quercus macrocarpa Michx.,bur oak,Fagaceae,hard maple/oak/hickory/beech,tree
QUMA13,Quercus margaretta (Ashe) Small,sand post oak,Fagaceae,hard maple/oak/hickory/beech,tree
QUMA3,Quercus marilandica Münchh.,blackjack oak,Fagaceae,hard maple/oak/hickory/beech,tree
QUMI,Quercus michauxii Nutt.,swamp chestnut oak,Fagaceae,hard maple/oak/hickory/beech,tree
QUMI2,Quercus minima (Sarg.) Small,dwarf live oak,Fagaceae,hard maple/oak/hickory/beech,tree
QUMO4,Quercus montana Willd.,chestnut oak,Fagaceae,hard maple/oak/hickory/beech,tree
QUMU,Quercus muehlenbergii Engelm.,chinquapin oak,Fagaceae,hard maple/oak/hickory/beech,tree
QUMY,Quercus myrtifolia Willd.,myrtle oak,Fagaceae,hard maple/oak/hickory/beech,tree
QUNI,Quercus nigra L.,water oak,Fagaceae,hard maple/oak/hickory/beech,tree
QUPA5,Quercus pagoda Raf.,cherrybark oak,Fagaceae,hard maple/oak/hickory/beech,tree
QUPA2,Quercus palustris MÃ¼nchh.,pin oak,Fagaceae,hard maple/oak/hickory/beech,tree
QUPH,Quercus phellos L.,willow oak,Fagaceae,hard maple/oak/hickory/beech,tree
QUPU80,Quercus pumila Walter,running oak,Fagaceae,,shrub
QURU,Quercus rubra L.,northern red oak,Fagaceae,hard maple/oak/hickory/beech,tree
QURUR,Quercus rubra L. var. rubra,northern red oak,Fagaceae,hard maple/oak/hickory/beech,tree
QUSH,Quercus shumardii Buckley,Shumard's oak,Fagaceae,hard maple/oak/hickory/beech,tree
QUST,Quercus stellata Wangenh.,post oak,Fagaceae,hard maple/oak/hickory/beech,tree
QUVE,Quercus velutina Lam.,black oak,Fagaceae,hard maple/oak/hickory/beech,tree
QUVI,Quercus virginiana Mill.,live oak,Fagaceae,hard maple/oak/hickory/beech,tree
QUWI2,Quercus wislizeni A. DC.,interior live oak,Fagaceae,hard maple/oak/hickory/beech,tree
CAAC3,Casearia aculeata Jacq.,rabo de ranton,Flacourtiaceae,,shrub
CASY2,Casearia sylvestris Sw.,crackopen,Flacourtiaceae,,shrub
FOSP2,Fouquieria splendens Engelm.,ocotillo,Fouquieriaceae,,shrub
CYLY2,Cyrtandra lysiosepala (A. Gray) C.B. Clarke,oppositeleaf cyrtandra,Gesneriaceae,,shrub
CYPA12,Cyrtandra paludosa Gaudich.,kanawao ke'oke'o,Gesneriaceae,,shrub
CYPL5,Cyrtandra platyphylla A. Gray,'ilihia,Gesneriaceae,,shrub
GIBI2,Ginkgo biloba L.,maidenhair tree,Ginkgoaceae,mixed hardwood,tree
ITVI,Itea virginica L.,Virginia sweetspire,Grossulariaceae,,shrub
RICE,Ribes cereum Douglas,wax currant,Grossulariaceae,,shrub
RIGL,Ribes glandulosum Grauer,skunk currant,Grossulariaceae,,shrub
RIBES,Ribes L.,currant,Grossulariaceae,,shrub
RIMI,Ribes missouriense Nutt.,Missouri gooseberry,Grossulariaceae,,shrub
RIRO,Ribes roezlii Regel,Sierra gooseberry,Grossulariaceae,,shrub
HAVI4,Hamamelis virginiana L.,American witchhazel,Hamamelidaceae,,shrub
LIST2,Liquidambar styraciflua L.,sweetgum,Hamamelidaceae,mixed hardwood,tree
AECA,Aesculus californica (Spach) Nutt.,California buckeye,Hippocastanaceae,mixed hardwood,tree
AEFL,Aesculus flava Aiton,yellow buckeye,Hippocastanaceae,mixed hardwood,tree
AEPA2,Aesculus parviflora Walter,bottlebrush buckeye,Hippocastanaceae,mixed hardwood,tree
AEPA,Aesculus pavia L.,red buckeye,Hippocastanaceae,mixed hardwood,tree
BRAR6,Broussaisia arguta Gaudich.,kanawao,Hydrangeaceae,,shrub
HYAR,Hydrangea arborescens L.,wild hydrangea,Hydrangeaceae,,shrub
JAAM,Jamesia americana Torr. & A. Gray,fivepetal cliffbush,Hydrangeaceae,,shrub
PHHI2,Philadelphus hirsutus Nutt.,streambank mock orange,Hydrangeaceae,,shrub
ILFL,Illicium floridanum Ellis,Florida anisetree,Illiciaceae,,shrub
CAAQ2,Carya aquatica (Michx. f.) Nutt.,water hickory,Juglandaceae,hard maple/oak/hickory/beech,tree
CACA38,Carya carolinae-septentrionalis (Ashe) Engl. & Graebn.,southern shagbark hickory,Juglandaceae,hard maple/oak/hickory/beech,tree
CACO15,Carya cordiformis (Wangenh.) K. Koch,bitternut hickory,Juglandaceae,hard maple/oak/hickory/beech,tree
CAGL8,Carya glabra (Mill.) Sweet,pignut hickory,Juglandaceae,hard maple/oak/hickory/beech,tree
CAIL2,Carya illinoinensis (Wangenh.) K. Koch,pecan,Juglandaceae,hard maple/oak/hickory/beech,tree
CARYA,Carya Nutt.,hybrid hickory,Juglandaceae,hard maple/oak/hickory/beech,tree
CAOV3,Carya ovalis (Wangenh.) Sarg.,red hickory,Juglandaceae,hard maple/oak/hickory/beech,tree
CAOV2,Carya ovata (Mill.) K. Koch,shagbark hickory,Juglandaceae,hard maple/oak/hickory/beech,tree
CAPA24,Carya pallida (Ashe) Engl. & Graebn.,sand hickory,Juglandaceae,hard maple/oak/hickory/beech,tree
CATO6,Carya tomentosa (Lam.) Nutt.,mockernut hickory,Juglandaceae,hard maple/oak/hickory/beech,tree
JUCI,Juglans cinerea L.,butternut,Juglandaceae,mixed hardwood,tree
JUNI,Juglans nigra L.,black walnut,Juglandaceae,mixed hardwood,tree
CECA,Cedronella canariensis (L.) Willd. ex Webb & Bethel.,herb of Gilead,Lamiaceae,,forb/herb
MORU,Monarda russeliana Nutt. ex Sims,redpurple beebalm,Lamiaceae,,forb/herb
LIBE3,Lindera benzoin (L.) Blume,northern spicebush,Lauraceae,woodland,shrub/tree
LIBEB,Lindera benzoin (L.) Blume var. benzoin,northern spicebush,Lauraceae,woodland,shrub/tree
PEAM3,Persea americana Mill.,avocado,Lauraceae,woodland,shrub/tree
PEBO,Persea borbonia (L.) Spreng.,redbay,Lauraceae,woodland,shrub/tree
PEPA37,Persea palustris (Raf.) Sarg.,swamp bay,Lauraceae,woodland,shrub/tree
SAAL5,Sassafras albidum (Nutt.) Nees,sassafras,Lauraceae,mixed hardwood,tree
SASSA,Sassafras Nees & Eberm.,sassafras,Lauraceae,mixed hardwood,tree
LIST,Linum striatum Walter,ridged yellow flax,Linaceae,,forb/herb
GESE,Gelsemium sempervirens (L.) W.T. Aiton,evening trumpetflower,Loganiaceae,,forb/herb
LAHE2,Labordia hedyosmifolia Baill.,bog labordia,Loganiaceae,,forb/herb
LITU,Liriodendron tulipifera L.,tuliptree,Magnoliaceae,mixed hardwood,tree
MAAC,Magnolia acuminata (L.) L.,cucumber tree,Magnoliaceae,mixed hardwood,tree
MAFR,Magnolia fraseri Walter,mountain magnolia,Magnoliaceae,mixed hardwood,tree
MAGR4,Magnolia grandiflora L.,southern magnolia,Magnoliaceae,mixed hardwood,tree
MAGNO,Magnolia L.,magnolia,Magnoliaceae,mixed hardwood,tree
MAMA2,Magnolia macrophylla Michx.,bigleaf magnolia,Magnoliaceae,mixed hardwood,tree
MATR,Magnolia tripetala (L.) L.,umbrella-tree,Magnoliaceae,mixed hardwood,tree
MAVI2,Magnolia virginiana L.,sweetbay,Magnoliaceae,mixed hardwood,tree
BUGL,Bunchosia glandulosa (Cav.) DC.,cafe forastero,Malpighiaceae,,shrub
HEPU17,Heteropterys purpurea (L.) Kunth,bull withe,Malpighiaceae,,shrub
STEM3,Stigmaphyllon emarginatum (Cav.) A. Juss.,monarch Amazonvine,Malpighiaceae,,shrub
STFL5,Stigmaphyllon floribundum (DC.) C.E. Anderson,woolly Amazonvine,Malpighiaceae,,shrub
HILA2,Hibiscus laevis All.,halberdleaf rosemallow,Malvaceae,,forb/herb
MEAZ,Melia azedarach L.,Chinaberrytree,Meliaceae,mixed hardwood,tree
SWMA2,Swietenia mahagoni (L.) Jacq.,West Indian mahogany,Meliaceae,mixed hardwood,tree
COCA,Cocculus carolinus (L.) DC.,Carolina coralbead,Menispermaceae,,vine
ANAL12,Anisomeridium albisedum (Nyl.) R.C. Harris,anisomeridium lichen,Monoblastiaceae,,lichen
FICI,Ficus citrifolia Mill.,wild banyantree,Moraceae,mixed hardwood,tree
MAPO,Maclura pomifera (Raf.) C.K. Schneid.,Osage-orange,Moraceae,mixed hardwood,tree
MOAL,Morus alba L.,white mulberry,Moraceae,mixed hardwood,tree
MORUS,Morus L.,mulberry,Moraceae,mixed hardwood,tree
MORU2,Morus rubra L.,red mulberry,Moraceae,mixed hardwood,tree
MYSA,Myoporum sandwicense (A. DC.) A. Gray,naio,Myoporaceae,,
COPE80,Comptonia peregrina (L.) J.M. Coult.,sweet fern,Myricaceae,,shrub
MOCE2,Morella cerifera (L.) Small,wax myrtle,Myricaceae,woodland,shrub/tree
MYLE2,Myrsine lessertiana A. DC.,kolea lau nui,Myrsinaceae,woodland,shrub/tree
MYSA2,Myrsine sandwicensis A. DC.,kokea lau li'i,Myrsinaceae,woodland,shrub/tree
EUAX,Eugenia axillaris (Sw.) Willd.,white stopper,Myrtaceae,woodland,shrub/tree
EUFO3,Eugenia foetida Pers.,boxleaf stopper,Myrtaceae,woodland,shrub/tree
EUGEN,Eugenia L.,stopper,Myrtaceae,woodland,shrub/tree
EULI,Eugenia ligustrina (Sw.) Willd.,privet stopper,Myrtaceae,woodland,shrub/tree
EURH,Eugenia rhombea (Berg) Krug & Urb.,red stopper,Myrtaceae,woodland,shrub/tree
EUXE,Eugenia xerophytica Britton,aridland stopper,Myrtaceae,woodland,shrub/tree
MEPO5,Metrosideros polymorpha Gaudich.,'ohi'a lehua,Myrtaceae,woodland,shrub/tree
PSCA,Psidium cattleianum Sabine,strawberry guava,Myrtaceae,woodland,shrub/tree
GUOB,Guapira obtusata (Jacq.) Little,corcho prieto,Nyctaginaceae,woodland,shrub/tree
PIAL3,Pisonia albida (Heimerl) Britton ex Standl.,corcho bobo,Nyctaginaceae,woodland,shrub/tree
FOAC,Forestiera acuminata (Michx.) Poir.,eastern swampprivet,Oleaceae,mixed hardwood,tree
FRAM2,Fraxinus americana L.,white ash,Oleaceae,mixed hardwood,tree
FRCA3,Fraxinus caroliniana Mill.,Carolina ash,Oleaceae,mixed hardwood,tree
FRAXI,Fraxinus L.,ash,Oleaceae,mixed hardwood,tree
FRNI,Fraxinus nigra Marshall,black ash,Oleaceae,mixed hardwood,tree
FRPE,Fraxinus pennsylvanica Marshall,green ash,Oleaceae,mixed hardwood,tree
FRPR,Fraxinus profunda (Bush) Bush,pumpkin ash,Oleaceae,mixed hardwood,tree
FRUH,Fraxinus uhdei (Wenzig) Lingelsh.,shamel ash,Oleaceae,mixed hardwood,tree
JAFL,Jasminum fluminense Vell.,jazmin de trapo,Oleaceae,,vine
LIJA,Ligustrum japonicum Thunb.,Japanese privet,Oleaceae,woodland,shrub/tree
LIOB,Ligustrum obtusifolium Siebold & Zucc.,border privet,Oleaceae,woodland,shrub/tree
LISI,Ligustrum sinense Lour.,Chinese privet,Oleaceae,woodland,shrub/tree
LIVU,Ligustrum vulgare L.,European privet,Oleaceae,woodland,shrub/tree
COAM,Conopholis americana (L.) Wallr.,American cancer-root,Orobanchaceae,,forb/herb
FRAR,Freycinetia arborea Gaudich.,'ie'ie,Pandanaceae,,vine
ABAM,Abies amabilis (Douglas ex Loudon) Douglas ex Forbes,Pacific silver fir,Pinaceae,fir/hemlock,tree
ABBA,Abies balsamea (L.) Mill.,balsam fir,Pinaceae,fir/hemlock,tree
ABCO,Abies concolor (Gord. & Glend.) Lindl. ex Hildebr.,white fir,Pinaceae,fir/hemlock,tree
ABFR,Abies fraseri (Pursh) Poir.,Fraser fir,Pinaceae,fir/hemlock,tree
ABGR,Abies grandis (Douglas ex D. Don) Lindl.,grand fir,Pinaceae,fir/hemlock,tree
ABLAL,Abies lasiocarpa (Hook.) Nutt. var. lasiocarpa,subalpine fir,Pinaceae,fir/hemlock,tree
ABLO,Abies lowiana (Gordon & Glend.) A. Murray bis,Sierra white fir,Pinaceae,fir/hemlock,tree
ABMA,Abies magnifica A. Murray bis,California red fir,Pinaceae,fir/hemlock,tree
ABIES,Abies Mill.,fir,Pinaceae,fir/hemlock,tree
ABPR,Abies nobilis (Douglas ex D. Don) Lindl.,noble fir,Pinaceae,fir/hemlock,tree
LALA,Larix laricina (Du Roi) K. Koch,tamarack,Pinaceae,spruce,tree
LARIX,Larix Mill.,larch,Pinaceae,spruce,tree
PICEA,Picea A. Dietr.,spruce,Pinaceae,spruce,tree
PIAB,Picea abies (L.) Karst.,Norway spruce,Pinaceae,spruce,tree
PIEN,Picea engelmannii Parry ex Engelm.,Engelmann spruce,Pinaceae,spruce,tree
PIGL,Picea glauca (Moench) Voss,white spruce,Pinaceae,spruce,tree
PIMA,"Picea mariana (Mill.) Britton, Sterns & Poggenb.",black spruce,Pinaceae,spruce,tree
PIRU,Picea rubens Sarg.,red spruce,Pinaceae,spruce,tree
PIAL,Pinus albicaulis Engelm.,whitebark pine,Pinaceae,pine,tree
PICL,Pinus clausa (Chapm. ex Engelm.) Vasey ex Sarg.,sand pine,Pinaceae,pine,tree
PICO,Pinus contorta Douglas ex Loudon,lodgepole pine,Pinaceae,pine,tree
PICOL,Pinus contorta Douglas ex Loudon var. latifolia Engelm. ex S. Watson,lodgepole pine,Pinaceae,pine,tree
PIEC2,Pinus echinata Mill.,shortleaf pine,Pinaceae,pine,tree
PIED,Pinus edulis Engelm.,twoneedle pinyon,Pinaceae,pine,tree
PIEL,Pinus elliottii Engelm.,slash pine,Pinaceae,pine,tree
PIFL2,Pinus flexilis James,limber pine,Pinaceae,pine,tree
PIGL2,Pinus glabra Walter,spruce pine,Pinaceae,pine,tree
PIJE,Pinus jeffreyi Balf.,Jeffrey pine,Pinaceae,pine,tree
PINUS,Pinus L.,pine,Pinaceae,pine,tree
PILA,Pinus lambertiana Douglas,sugar pine,Pinaceae,pine,tree
PIMO3,Pinus monticola Douglas ex D. Don,western white pine,Pinaceae,pine,tree
PIPA2,Pinus palustris Mill.,longleaf pine,Pinaceae,pine,tree
PIPO,Pinus ponderosa Lawson & C. Lawson,ponderosa pine,Pinaceae,pine,tree
PIPOS,Pinus ponderosa Lawson & C. Lawson var. scopulorum Engelm.,ponderosa pine,Pinaceae,pine,tree
PIPU5,Pinus pungens Lamb.,Table Mountain pine,Pinaceae,pine,tree
PIRE,Pinus resinosa Aiton,red pine,Pinaceae,pine,tree
PIRI,Pinus rigida Mill.,pitch pine,Pinaceae,pine,tree
PISA2,Pinus sabiniana Douglas ex Douglas,California foothill pine,Pinaceae,pine,tree
PIST,Pinus strobus L.,eastern white pine,Pinaceae,pine,tree
PITA,Pinus taeda L.,loblolly pine,Pinaceae,pine,tree
PIVI2,Pinus virginiana Mill.,Virginia pine,Pinaceae,pine,tree
PSME,Pseudotsuga menziesii (Mirb.) Franco,Douglas-fir,Pinaceae,fir/hemlock,tree
PSMEM,Pseudotsuga menziesii (Mirb.) Franco var. menziesii,Douglas-fir,Pinaceae,fir/hemlock,tree
TSCA,Tsuga canadensis (L.) Carrière,eastern hemlock,Pinaceae,fir/hemlock,tree
TSHE,Tsuga heterophylla (Raf.) Sarg.,western hemlock,Pinaceae,fir/hemlock,tree
PLOC,Platanus occidentalis L.,American sycamore,Platanaceae,mixed hardwood,tree
AMMU2,Amphicarpum muehlenbergianum (Schult.) Hitchc.,Muhlenberg maidencane,Poaceae,,graminoid
POSE,Poa secunda J. Presl,Sandberg bluegrass,Poaceae,,graminoid
TRDA3,Tripsacum dactyloides (L.) L.,eastern gamagrass,Poaceae,,graminoid
BROV4,Brunnichia ovata (Walter) Shinners,American buckwheat vine,Polygonaceae,,vine
CODI8,Coccoloba diversifolia Jacq.,tietongue,Polygonaceae,woodland,shrub/tree
COKR,Coccoloba krugii Lindau,whitewood,Polygonaceae,woodland,shrub/tree
COMI,Coccoloba microstachya Willd.,puckhout,Polygonaceae,woodland,shrub/tree
COCCO,Coccoloba P. Br.,coccoloba,Polygonaceae,woodland,shrub/tree
BESC,Berchemia scandens (Hill) K. Koch,Alabama supplejack,Rhamnaceae,,vine
CECO,Ceanothus cordulatus Kellogg,whitethorn ceanothus,Rhamnaceae,,shrub
CECU,Ceanothus cuneatus (Hook.) Nutt.,buckbrush,Rhamnaceae,,shrub
CEHE,Ceanothus herbaceus Raf.,Jersey tea,Rhamnaceae,,shrub
CEIN3,Ceanothus integerrimus Hook. & Arn.,deerbrush,Rhamnaceae,,shrub
CEANO,Ceanothus L.,ceanothus,Rhamnaceae,,shrub
CELE2,Ceanothus leucodermis Greene,chaparral whitethorn,Rhamnaceae,,shrub
COAR3,Colubrina arborescens (Mill.) Sarg.,greenheart,Rhamnaceae,woodland,shrub/tree
COEL2,Colubrina elliptica (Sw.) Briz. & Stern,soldierwood,Rhamnaceae,woodland,shrub/tree
COLUB,Colubrina Rich. ex Brongn.,nakedwood,Rhamnaceae,woodland,shrub/tree
FRCAC7,Frangula californica (Eschsch.) A. Gray ssp. cuspidata (Greene) Kartesz & Gandhi,California buckthorn,Rhamnaceae,woodland,shrub/tree
FRCA13,Frangula caroliniana (Walter) A. Gray,Carolina buckthorn,Rhamnaceae,woodland,shrub/tree
FRPU7,Frangula purshiana (DC.) A. Gray,Cascara buckthorn,Rhamnaceae,woodland,shrub/tree
KRFE,Krugiodendron ferreum (Vahl) Urb.,leadwood,Rhamnaceae,woodland,shrub/tree
REGU,Reynosia guama Urb.,guama,Rhamnaceae,woodland,shrub/tree
REUN,Reynosia uncinata Urb.,sloe,Rhamnaceae,woodland,shrub/tree
RHAL,Rhamnus alnifolia L'HÃ©r.,alderleaf buckthorn,Rhamnaceae,woodland,shrub/tree
RHDA,Rhamnus davurica Pall.,Dahurian buckthorn,Rhamnaceae,woodland,shrub/tree
RHIL,Rhamnus ilicifolia Kellogg,hollyleaf redberry,Rhamnaceae,woodland,shrub/tree
ZIOB,Ziziphus obtusifolia (Hook. ex Torr. & A. Gray) A. Gray,lotebush,Rhamnaceae,woodland,shrub/tree
ZIRE,Ziziphus reticulata (Vahl) DC.,cacao rojo,Rhamnaceae,woodland,shrub/tree
AMAL2,Amelanchier ainifolia,Saskatoon serviceberry,Rosaceae,aspen/alder/cottonwood/willow,tree
AMAR3,Amelanchier arborea (Michx. f.) Fernald,common serviceberry,Rosaceae,woodland,shrub/tree
AMIN2,Amelanchier interior E.L. Nielsen,inland serviceberry,Rosaceae,woodland,shrub/tree
AMLA,Amelanchier laevis Wiegand,Allegheny serviceberry,Rosaceae,woodland,shrub/tree
AMELA,Amelanchier Medik.,serviceberry,Rosaceae,woodland,shrub/tree
AMSA,Amelanchier sanguinea (Pursh) DC.,roundleaf serviceberry,Rosaceae,woodland,shrub/tree
CEMOG,Cercocarpus montanus Raf. var. glaber (S. Watson) F.L. Martin,birchleaf mountain mahogany,Rosaceae,woodland,shrub/tree
CHFO,Chamaebatia foliolosa Benth.,mountain misery,Rosaceae,woodland,shrub/tree
CRCH,Crataegus chrysocarpa Ashe,fireberry hawthorn,Rosaceae,woodland,shrub/tree
CRCR2,Crataegus crus-galli L.,cockspur hawthorn,Rosaceae,woodland,shrub/tree
CRFL2,Crataegus flava Aiton,yellowleaf hawthorn,Rosaceae,woodland,shrub/tree
CRATA,Crataegus L.,hawthorn,Rosaceae,woodland,shrub/tree
CRMA3,Crataegus macrosperma Ashe,bigfruit hawthorn,Rosaceae,woodland,shrub/tree
CRSP,Crataegus spathulata Michx.,littlehip hawthorn,Rosaceae,woodland,shrub/tree
CRUN,Crataegus uniflora MÃ¼nchh.,dwarf hawthorn,Rosaceae,woodland,shrub/tree
DAFR6,Dasiphora fruticosa (L.) Rydb.,shrubby cinquefoil,Rosaceae,woodland,shrub/tree
DAFRF,Dasiphora fruticosa (L.) Rydb. ssp. floribunda (Pursh) Kartesz,shrubby cinquefoil,Rosaceae,woodland,shrub/tree
HODI,Holodiscus discolor (Pursh) Maxim.,oceanspray,Rosaceae,woodland,shrub/tree
MALUS,Malus Mill.,apple,Rosaceae,woodland,shrub/tree
OECE,Oemleria cerasiformis (Torr. & A. Gray ex Hook. & Arn.) Landon,Indian plum,Rosaceae,woodland,shrub/tree
PRAM,Prunus americana Marshall,American plum,Rosaceae,woodland,shrub/tree
PRAN3,Prunus angustifolia Marshall,Chickasaw plum,Rosaceae,woodland,shrub/tree
PRAV,Prunus avium (L.) L.,sweet cherry,Rosaceae,woodland,shrub/tree
PREM,Prunus emarginata (Douglas ex Hook.) D. Dietr.,bitter cherry,Rosaceae,woodland,shrub/tree
PRUNU,Prunus L.,plum,Rosaceae,woodland,shrub/tree
PRME,Prunus mexicana S. Watson,Mexican plum,Rosaceae,woodland,shrub/tree
PRPE2,Prunus pensylvanica L. f.,pin cherry,Rosaceae,woodland,shrub/tree
PRPEP,Prunus pensylvanica L. f. var. pensylvanica,pin cherry,Rosaceae,woodland,shrub/tree
PRSE2,Prunus serotina Ehrh.,black cherry,Rosaceae,woodland,shrub/tree
PRSES,Prunus serotina Ehrh. var. serotina,black cherry,Rosaceae,woodland,shrub/tree
PRUM,Prunus umbellata Elliott,hog plum,Rosaceae,woodland,shrub/tree
PRVI,Prunus virginiana L.,chokecherry,Rosaceae,woodland,shrub/tree
PUST,Purshia stansburiana (Torr.) Henrickson,Stansbury cliffrose,Rosaceae,woodland,shrub/tree
PUTR2,Purshia tridentata (Pursh) DC.,antelope bitterbrush,Rosaceae,woodland,shrub/tree
PYCA80,Pyrus calleryana Decne.,Callery pear,Rosaceae,mixed hardwood,tree
PYRUS,Pyrus L.,pear,Rosaceae,mixed hardwood,tree
RHSC3,Rhodotypos scandens (Thunb.) Makino,jetbead,Rosaceae,,shrub
ROAR3,Rosa arkansana Porter,prairie rose,Rosaceae,,shrub
ROGY,Rosa gymnocarpa Nutt.,dwarf rose,Rosaceae,,shrub
ROMU,Rosa multiflora Thunb.,multiflora rose,Rosaceae,,shrub
ROSE2,Rosa setigera Michx.,climbing rose,Rosaceae,,shrub
ROWO,Rosa woodsii Lindl.,Woods' rose,Rosaceae,,shrub
RUAL,Rubus allegheniensis Porter,Allegheny blackberry,Rosaceae,,shrub
RUAR9,Rubus armeniacus Focke,Himalayan blackberry,Rosaceae,,shrub
RUHA,Rubus hawaiensis A. Gray,Hawai'i blackberry,Rosaceae,,shrub
RUBUS,Rubus L.,blackberry,Rosaceae,,shrub
RULA,Rubus laciniatus Willd.,cutleaf blackberry,Rosaceae,,shrub
RULE,Rubus leucodermis Douglas ex Torr. & A. Gray,whitebark raspberry,Rosaceae,,shrub
RUOC,Rubus occidentalis L.,black raspberry,Rosaceae,,shrub
RUOK,Rubus oklahomus L.H. Bailey,Oklahoma blackberry,Rosaceae,,shrub
RUPA,Rubus parviflorus Nutt.,thimbleberry,Rosaceae,,shrub
RUPE3,Rubus pensilvanicus Poir.,Pennsylvania blackberry,Rosaceae,,shrub
RUPH,Rubus phoenicolasius Maxim.,wine raspberry,Rosaceae,,shrub
RUSP,Rubus spectabilis Pursh,salmonberry,Rosaceae,,shrub
SOAM3,Sorbus americana Marshall,American mountain ash,Rosaceae,woodland,shrub/tree
SPAL2,Spiraea alba Du Roi,white meadowsweet,Rosaceae,,shrub
SPALL,Spiraea alba Du Roi var. latifolia (Aiton) Dippel,white meadowsweet,Rosaceae,,shrub
SPDOD,Spiraea douglasii Hook. var. douglasii,rose spirea,Rosaceae,,shrub
SPST3,Spiraea stevenii (C.K. Schneid.) Rydb.,beauverd spirea,Rosaceae,,shrub
ANAC4,Antirhea acutata (DC.) Urb.,placa chiquitu,Rubiaceae,,shrub
CAPA43,Catesbaea parviflora Sw.,smallflower lilythorn,Rubiaceae,,shrub
CEPHA,Cephalanthus L.,buttonbush,Rubiaceae,,shrub
CEOC2,Cephalanthus occidentalis L.,common buttonbush,Rubiaceae,,shrub
CHAL8,Chiococca alba (L.) Hitchc.,West Indian milkberry,Rubiaceae,,shrub
COER3,Coprosma ernodeoides A. Gray,'aiakanene,Rubiaceae,,shrub
COPRO,Coprosma J.R. Forst. & G. Forst.,mirrorplant,Rubiaceae,,shrub
COMO3,Coprosma montana Hillebr.,alpine mirrorplant,Rubiaceae,,shrub
COOC3,Coprosma ochracea W.R.B. Oliv.,Maui mirrorplant,Rubiaceae,,shrub
ERFR4,Erithalis fruticosa L.,blacktorch,Rubiaceae,,shrub
EXCA,Exostema caribaeum (Jacq.) Schult.,Caribbean princewood,Rubiaceae,,shrub
GUEL,Guettarda elliptica Sw.,hammock velvetseed,Rubiaceae,,shrub
GUKR,Guettarda krugii Urb.,frogwood,Rubiaceae,,shrub
HETE21,Hedyotis terminalis (Hook. & Arn.) W.L. Wagner & D.R. Herbst,variable starviolet,Rubiaceae,,shrub
MAPO6,Machaonia portoricensis Baill.,Puerto Rico alfilerillo,Rubiaceae,,shrub
PSHA3,Psychotria hawaiiensis (A. Gray) Fosberg,kopiko 'ula,Rubiaceae,,shrub
RAAC,Randia aculeata L.,white indigoberry,Rubiaceae,,shrub
RAPO2,Randia portoricensis (Urb.) Britton & Standl.,Puerto Rico indigoberry,Rubiaceae,,shrub
ROIN4,Rondeletia inermis (Spreng.) Krug & Urb.,cordobancillo,Rubiaceae,,shrub
AMEL,Amyris elemifera L.,sea torchwood,Rutaceae,,shrub
MELIC3,Melicope (J.R. Forst. & G. Forst.) T.G. Hartley & B.C. Stone,melicope,Rutaceae,,shrub
MECL,Melicope clusiifolia (A. Gray) T.G. Hartley & B.C. Stone,kukaemoa,Rutaceae,,shrub
MERA2,Melicope radiata (H. St. John) T.G. Hartley & B.C. Stone,kapu melicope,Rutaceae,,shrub
MUEX2,Murraya exotica L.,Chinese box,Rutaceae,,shrub
POTR4,Poncirus trifoliata (L.) Raf.,hardy orange,Rutaceae,woodland,shrub/tree
TEDA,Tetradium daniellii (Benn.) T.G. Hartley,bee-bee tree,Rutaceae,woodland,shrub/tree
ZAAM,Zanthoxylum americanum Mill.,common pricklyash,Rutaceae,woodland,shrub/tree
POBA2,Populus balsamifera L.,balsam poplar,Salicaceae,aspen/alder/cottonwood/willow,tree
PODE3,Populus deltoides W. Bartram ex Marshall,eastern cottonwood,Salicaceae,aspen/alder/cottonwood/willow,tree
POGR4,Populus grandidentata Michx.,bigtooth aspen,Salicaceae,aspen/alder/cottonwood/willow,tree
POPUL,Populus L.,cottonwood,Salicaceae,aspen/alder/cottonwood/willow,tree
POTR5,Populus tremuloides Michx.,quaking aspen,Salicaceae,aspen/alder/cottonwood/willow,tree
SAAL,Salix alaxensis (Andersson) Coville,feltleaf willow,Salicaceae,aspen/alder/cottonwood/willow,tree
SABE2,Salix bebbiana Sarg.,Bebb willow,Salicaceae,aspen/alder/cottonwood/willow,tree
SACA4,Salix candida FlueggÃ© ex Willd.,sageleaf willow,Salicaceae,aspen/alder/cottonwood/willow,tree
SAGL,Salix glauca L.,grayleaf willow,Salicaceae,aspen/alder/cottonwood/willow,tree
SAHA,Salix hastata L.,halberd willow,Salicaceae,aspen/alder/cottonwood/willow,tree
SALIX,Salix L.,willow,Salicaceae,aspen/alder/cottonwood/willow,tree
SAMY,Salix myrtillifolia Andersson,blueberry willow,Salicaceae,aspen/alder/cottonwood/willow,tree
SANI,Salix nigra Marshall,black willow,Salicaceae,aspen/alder/cottonwood/willow,tree
SAPE2,Salix pedicellaris Pursh,bog willow,Salicaceae,aspen/alder/cottonwood/willow,tree
SAPE5,Salix petiolaris Sm.,meadow willow,Salicaceae,aspen/alder/cottonwood/willow,tree
SAPU15,Salix pulchra Cham.,tealeaf willow,Salicaceae,aspen/alder/cottonwood/willow,tree
SAPY,Salix pyrifolia Andersson,balsam willow,Salicaceae,aspen/alder/cottonwood/willow,tree
SARI4,Salix richardsonii Hook.,Richardson's willow,Salicaceae,aspen/alder/cottonwood/willow,tree
SASC,Salix scouleriana Barratt ex Hook.,Scouler's willow,Salicaceae,aspen/alder/cottonwood/willow,tree
PYPU,Pyrularia pubera Michx.,buffalo nut,Santalaceae,,shrub
MEBI,Melicoccus bijugatus Jacq.,Spanish lime,Sapindaceae,,shrub
SEPO4,Serjania polyphylla (L.) Radlk.,basketwood,Sapindaceae,,shrub
THSTP,Thouinia striata Radlk. var. portoricensis (Radlk.) Votava & Alain,Puerto Rico ceboruquillo,Sapindaceae,,shrub
SIDER2,Sideroxylon L.,bully,Sapotaceae,,shrub
SILA20,Sideroxylon lanuginosum Michx.,gum bully,Sapotaceae,,shrub
SILAL3,Sideroxylon lanuginosum Michx. ssp. lanuginosum,gum bully,Sapotaceae,,shrub
SILY,Sideroxylon lycioides L.,buckthorn bully,Sapotaceae,,shrub
SIOB,Sideroxylon obovatum Lam.,breakbill,Sapotaceae,,shrub
SISA6,Sideroxylon salicifolium (L.) Lam.,white bully,Sapotaceae,,shrub
SITE2,Sideroxylon tenax L.,tough bully,Sapotaceae,,shrub
PATO2,Paulownia tomentosa (Thunb.) Siebold & Zucc. ex Steud.,princesstree,Scrophulariaceae,mixed hardwood,tree
AIAL,Ailanthus altissima (Mill.) Swingle,tree of heaven,Simaroubaceae,mixed hardwood,tree
SMAU,Smilax auriculata Walter,earleaf greenbrier,Smilacaceae,,vine
SMGL,Smilax glauca Walter,cat greenbrier,Smilacaceae,,vine
SMILA2,Smilax L.,greenbrier,Smilacaceae,,vine
SMLA,Smilax laurifolia L.,laurel greenbrier,Smilacaceae,,vine
SMRO,Smilax rotundifolia L.,roundleaf greenbrier,Smilacaceae,,vine
SMSM,Smilax smallii Morong,lanceleaf greenbrier,Smilacaceae,,vine
DAWR2,Datura wrightii Regel,sacred thorn-apple,Solanaceae,,vine
LYBE,Lycium berlandieri Dunal,Berlandier's wolfberry,Solanaceae,,vine
LYEX,Lycium exsertum A. Gray,Arizona desert-thorn,Solanaceae,,vine
LYCIU,Lycium L.,desert-thorn,Solanaceae,,vine
FRCA6,Fremontodendron californicum (Torr.) Coville,California flannelbush,Sterculiaceae,woodland,shrub/tree
HEJA,Helicteres jamaicensis Jacq.,screwtree,Sterculiaceae,woodland,shrub/tree
HACA3,Halesia carolina L.,Carolina silverbell,Styracaceae,woodland,shrub/tree
HADI3,Halesia diptera Ellis,two-wing silverbell,Styracaceae,woodland,shrub/tree
HATE3,Halesia tetraptera Ellis,mountain silverbell,Styracaceae,woodland,shrub/tree
STAM4,Styrax americanus Lam.,American snowbell,Styracaceae,woodland,shrub/tree
SYTI,Symplocos tinctoria (L.) L'HÃ©r.,common sweetleaf,Symplocaceae,woodland,shrub/tree
TABR2,Taxus brevifolia Nutt.,Pacific yew,Taxaceae,cedar/larch,tree
TAXUS,Taxus L.,yew,Taxaceae,cedar/larch,tree
GOLA,Gordonia lasianthus (L.) Ellis,loblolly bay,Theaceae,woodland,shrub/tree
JABE,Jacquinia berteroi Spreng.,bois bande,Theophrastaceae,woodland,shrub/tree
JACQU2,Jacquinia L.,jacquinia,Theophrastaceae,woodland,shrub/tree
DIPA9,Dirca palustris L.,eastern leatherwood,Thymelaeaceae,woodland,shrub/tree
WISA,Wikstroemia sandwicensis Meisn.,variableleaf false ohelo,Thymelaeaceae,woodland,shrub/tree
TIAM,Tilia americana L.,American basswood,Tiliaceae,mixed hardwood,tree
TUDI,Turnera diffusa Willd. ex Schult.,damiana,Turneraceae,,shrub
CEEH,Celtis ehrenbergiana (Klotzsch) Liebm.,spiny hackberry,Ulmaceae,,shrub
CELTI,Celtis L.,hackberry,Ulmaceae,mixed hardwood,tree
CELA,Celtis laevigata Willd.,sugarberry,Ulmaceae,mixed hardwood,tree
CEOC,Celtis occidentalis L.,common hackberry,Ulmaceae,mixed hardwood,tree
PLAQ,Planera aquatica J.F. Gmel.,planertree,Ulmaceae,mixed hardwood,tree
ULAL,Ulmus alata Michx.,winged elm,Ulmaceae,mixed hardwood,tree
ULAM,Ulmus americana L.,American elm,Ulmaceae,mixed hardwood,tree
ULCR,Ulmus crassifolia Nutt.,cedar elm,Ulmaceae,mixed hardwood,tree
ULMUS,Ulmus L.,elm,Ulmaceae,mixed hardwood,tree
ULPU,Ulmus pumila L.,Siberian elm,Ulmaceae,mixed hardwood,tree
ULRU,Ulmus rubra Muhl.,slippery elm,Ulmaceae,mixed hardwood,tree
ACFA,Vachellia farnesiana,sweet acacia,Vachellia,mixed hardwood,tree
CAAM2,Callicarpa americana L.,American beautyberry,Verbenaceae,,shrub
LACA2,Lantana camara L.,lantana,Verbenaceae,,shrub
LAEX,Lantana exarata Urb. & Ekman,Caribbean shrubverbena,Verbenaceae,,shrub
LANTA,Lantana L.,lantana,Verbenaceae,,shrub
LARE2,Lantana reticulata Pers.,netted shrubverbena,Verbenaceae,,shrub
VIRO2,Viola rotundifolia Michx.,roundleaf yellow violet,Violaceae,,forb/herb
CITR2,Cissus trifoliata (L.) L.,sorrelvine,Vitaceae,,vine
PAQU2,Parthenocissus quinquefolia (L.) Planch.,Virginia creeper,Vitaceae,,forb/herb
VIAE,Vitis aestivalis Michx.,summer grape,Vitaceae,,vine
VICI2,Vitis cinerea (Engelm.) Engelm. ex Millard,graybark grape,Vitaceae,,vine
VITIS,Vitis L.,grape,Vitaceae,,vine
VILA8,Vitis labrusca L.,fox grape,Vitaceae,,vine
VIRI,Vitis riparia Michx.,riverbank grape,Vitaceae,,vine
VIRO3,Vitis rotundifolia Michx.,muscadine,Vitaceae,,vine
GUAIA,Guaiacum L.,lignum-vitae,Zygophyllaceae,,shrub
GUOF,Guaiacum officinale L.,lignum-vitae,Zygophyllaceae,,shrub
GUSA,Guaiacum sanctum L.,holywood,Zygophyllaceae,,shrub
LATR2,Larrea tridentata (DC.) Coville,creosote bush,Zygophyllaceae,,shrub
2PLANT,,,,mixed hardwood,tree
2PLANT-H,,,,,forb/herb
2PLANT-S,,,,,shrub
